Domain Code,Domain,Area Code (M49),Area,Element Code,Element,Item Code (CPC),Item,Year Code,Year,Unit,Value,Flag,Flag Description
"FBS","Food Balances (2010-)","756","Switzerland","5511","Production","S2511","Wheat and products","2018","2018","1000 tonnes","497","I","Imputed value"
"FBS","Food Balances (2010-)","756","Switzerland","5611","Import Quantity","S2511","Wheat and products","2018","2018","1000 tonnes","674","I","Imputed value"
"FBS","Food Balances (2010-)","756","Switzerland","5072","Stock Variation","S2511","Wheat and products","2018","2018","1000 tonnes","-22","I","Imputed value"
"FBS","Food Balances (2010-)","756","Switzerland","5911","Export Quantity","S2511","Wheat and products","2018","2018","1000 tonnes","78","I","Imputed value"
"FBS","Food Balances (2010-)","756","Switzerland","5521","Feed","S2511","Wheat and products","2018","2018","1000 tonnes","257","I","Imputed value"
"FBS","Food Balances (2010-)","756","Switzerland","5123","Losses","S2511","Wheat and products","2018","2018","1000 tonnes","8","I","Imputed value"
"FBS","Food Balances (2010-)","756","Switzerland","5131","Processing","S2511","Wheat and products","2018","2018","1000 tonnes","19","I","Imputed value"
"FBS","Food Balances (2010-)","756","Switzerland","5170","Residuals","S2511","Wheat and products","2018","2018","1000 tonnes","0","I","Imputed value"
"FBS","Food Balances (2010-)","756","Switzerland","5142","Food","S2511","Wheat and products","2018","2018","1000 tonnes","816","I","Imputed value"
"FBS","Food Balances (2010-)","756","Switzerland","5511","Production","S2807","Rice and products","2018","2018","1000 tonnes","0","I","Imputed value"
"FBS","Food Balances (2010-)","756","Switzerland","5611","Import Quantity","S2807","Rice and products","2018","2018","1000 tonnes","114","I","Imputed value"
"FBS","Food Balances (2010-)","756","Switzerland","5072","Stock Variation","S2807","Rice and products","2018","2018","1000 tonnes","4","I","Imputed value"
"FBS","Food Balances (2010-)","756","Switzerland","5911","Export Quantity","S2807","Rice and products","2018","2018","1000 tonnes","3","I","Imputed value"
"FBS","Food Balances (2010-)","756","Switzerland","5521","Feed","S2807","Rice and products","2018","2018","1000 tonnes","85","I","Imputed value"
"FBS","Food Balances (2010-)","756","Switzerland","5154","Other uses (non-food)","S2807","Rice and products","2018","2018","1000 tonnes","1","I","Imputed value"
"FBS","Food Balances (2010-)","756","Switzerland","5170","Residuals","S2807","Rice and products","2018","2018","1000 tonnes","0","I","Imputed value"
"FBS","Food Balances (2010-)","756","Switzerland","5142","Food","S2807","Rice and products","2018","2018","1000 tonnes","21","I","Imputed value"
"FBS","Food Balances (2010-)","756","Switzerland","5511","Production","S2513","Barley and products","2018","2018","1000 tonnes","182","I","Imputed value"
"FBS","Food Balances (2010-)","756","Switzerland","5611","Import Quantity","S2513","Barley and products","2018","2018","1000 tonnes","103","I","Imputed value"
"FBS","Food Balances (2010-)","756","Switzerland","5072","Stock Variation","S2513","Barley and products","2018","2018","1000 tonnes","14","I","Imputed value"
"FBS","Food Balances (2010-)","756","Switzerland","5911","Export Quantity","S2513","Barley and products","2018","2018","1000 tonnes","1","I","Imputed value"
"FBS","Food Balances (2010-)","756","Switzerland","5521","Feed","S2513","Barley and products","2018","2018","1000 tonnes","186","I","Imputed value"
"FBS","Food Balances (2010-)","756","Switzerland","5123","Losses","S2513","Barley and products","2018","2018","1000 tonnes","8","I","Imputed value"
"FBS","Food Balances (2010-)","756","Switzerland","5131","Processing","S2513","Barley and products","2018","2018","1000 tonnes","60","I","Imputed value"
"FBS","Food Balances (2010-)","756","Switzerland","5154","Other uses (non-food)","S2513","Barley and products","2018","2018","1000 tonnes","0","I","Imputed value"
"FBS","Food Balances (2010-)","756","Switzerland","5170","Residuals","S2513","Barley and products","2018","2018","1000 tonnes","0","I","Imputed value"
"FBS","Food Balances (2010-)","756","Switzerland","5142","Food","S2513","Barley and products","2018","2018","1000 tonnes","12","I","Imputed value"
"FBS","Food Balances (2010-)","756","Switzerland","5511","Production","S2514","Maize and products","2018","2018","1000 tonnes","135","I","Imputed value"
"FBS","Food Balances (2010-)","756","Switzerland","5611","Import Quantity","S2514","Maize and products","2018","2018","1000 tonnes","150","I","Imputed value"
"FBS","Food Balances (2010-)","756","Switzerland","5072","Stock Variation","S2514","Maize and products","2018","2018","1000 tonnes","-2","I","Imputed value"
"FBS","Food Balances (2010-)","756","Switzerland","5911","Export Quantity","S2514","Maize and products","2018","2018","1000 tonnes","1","I","Imputed value"
"FBS","Food Balances (2010-)","756","Switzerland","5521","Feed","S2514","Maize and products","2018","2018","1000 tonnes","261","I","Imputed value"
"FBS","Food Balances (2010-)","756","Switzerland","5123","Losses","S2514","Maize and products","2018","2018","1000 tonnes","6","I","Imputed value"
"FBS","Food Balances (2010-)","756","Switzerland","5131","Processing","S2514","Maize and products","2018","2018","1000 tonnes","12","I","Imputed value"
"FBS","Food Balances (2010-)","756","Switzerland","5170","Residuals","S2514","Maize and products","2018","2018","1000 tonnes","0","I","Imputed value"
"FBS","Food Balances (2010-)","756","Switzerland","5142","Food","S2514","Maize and products","2018","2018","1000 tonnes","7","I","Imputed value"
"FBS","Food Balances (2010-)","756","Switzerland","5511","Production","S2515","Rye and products","2018","2018","1000 tonnes","10","I","Imputed value"
"FBS","Food Balances (2010-)","756","Switzerland","5611","Import Quantity","S2515","Rye and products","2018","2018","1000 tonnes","2","I","Imputed value"
"FBS","Food Balances (2010-)","756","Switzerland","5072","Stock Variation","S2515","Rye and products","2018","2018","1000 tonnes","2","I","Imputed value"
"FBS","Food Balances (2010-)","756","Switzerland","5911","Export Quantity","S2515","Rye and products","2018","2018","1000 tonnes","0","I","Imputed value"
"FBS","Food Balances (2010-)","756","Switzerland","5521","Feed","S2515","Rye and products","2018","2018","1000 tonnes","2","I","Imputed value"
"FBS","Food Balances (2010-)","756","Switzerland","5123","Losses","S2515","Rye and products","2018","2018","1000 tonnes","0","I","Imputed value"
"FBS","Food Balances (2010-)","756","Switzerland","5170","Residuals","S2515","Rye and products","2018","2018","1000 tonnes","0","I","Imputed value"
"FBS","Food Balances (2010-)","756","Switzerland","5142","Food","S2515","Rye and products","2018","2018","1000 tonnes","7","I","Imputed value"
"FBS","Food Balances (2010-)","756","Switzerland","5511","Production","S2516","Oats","2018","2018","1000 tonnes","8","I","Imputed value"
"FBS","Food Balances (2010-)","756","Switzerland","5611","Import Quantity","S2516","Oats","2018","2018","1000 tonnes","63","I","Imputed value"
"FBS","Food Balances (2010-)","756","Switzerland","5072","Stock Variation","S2516","Oats","2018","2018","1000 tonnes","3","I","Imputed value"
"FBS","Food Balances (2010-)","756","Switzerland","5911","Export Quantity","S2516","Oats","2018","2018","1000 tonnes","0","I","Imputed value"
"FBS","Food Balances (2010-)","756","Switzerland","5521","Feed","S2516","Oats","2018","2018","1000 tonnes","48","I","Imputed value"
"FBS","Food Balances (2010-)","756","Switzerland","5123","Losses","S2516","Oats","2018","2018","1000 tonnes","0","I","Imputed value"
"FBS","Food Balances (2010-)","756","Switzerland","5170","Residuals","S2516","Oats","2018","2018","1000 tonnes","0","I","Imputed value"
"FBS","Food Balances (2010-)","756","Switzerland","5142","Food","S2516","Oats","2018","2018","1000 tonnes","19","I","Imputed value"
"FBS","Food Balances (2010-)","756","Switzerland","5511","Production","S2517","Millet and products","2018","2018","1000 tonnes","1","I","Imputed value"
"FBS","Food Balances (2010-)","756","Switzerland","5611","Import Quantity","S2517","Millet and products","2018","2018","1000 tonnes","2","I","Imputed value"
"FBS","Food Balances (2010-)","756","Switzerland","5072","Stock Variation","S2517","Millet and products","2018","2018","1000 tonnes","0","I","Imputed value"
"FBS","Food Balances (2010-)","756","Switzerland","5911","Export Quantity","S2517","Millet and products","2018","2018","1000 tonnes","0","I","Imputed value"
"FBS","Food Balances (2010-)","756","Switzerland","5521","Feed","S2517","Millet and products","2018","2018","1000 tonnes","3","I","Imputed value"
"FBS","Food Balances (2010-)","756","Switzerland","5123","Losses","S2517","Millet and products","2018","2018","1000 tonnes","0","I","Imputed value"
"FBS","Food Balances (2010-)","756","Switzerland","5170","Residuals","S2517","Millet and products","2018","2018","1000 tonnes","0","I","Imputed value"
"FBS","Food Balances (2010-)","756","Switzerland","5142","Food","S2517","Millet and products","2018","2018","1000 tonnes","0","I","Imputed value"
"FBS","Food Balances (2010-)","756","Switzerland","5611","Import Quantity","S2518","Sorghum and products","2018","2018","1000 tonnes","0","I","Imputed value"
"FBS","Food Balances (2010-)","756","Switzerland","5072","Stock Variation","S2518","Sorghum and products","2018","2018","1000 tonnes","0","I","Imputed value"
"FBS","Food Balances (2010-)","756","Switzerland","5911","Export Quantity","S2518","Sorghum and products","2018","2018","1000 tonnes","0","I","Imputed value"
"FBS","Food Balances (2010-)","756","Switzerland","5521","Feed","S2518","Sorghum and products","2018","2018","1000 tonnes","0","I","Imputed value"
"FBS","Food Balances (2010-)","756","Switzerland","5170","Residuals","S2518","Sorghum and products","2018","2018","1000 tonnes","0","I","Imputed value"
"FBS","Food Balances (2010-)","756","Switzerland","5511","Production","S2520","Cereals, Other","2018","2018","1000 tonnes","49","I","Imputed value"
"FBS","Food Balances (2010-)","756","Switzerland","5611","Import Quantity","S2520","Cereals, Other","2018","2018","1000 tonnes","11","I","Imputed value"
"FBS","Food Balances (2010-)","756","Switzerland","5072","Stock Variation","S2520","Cereals, Other","2018","2018","1000 tonnes","0","I","Imputed value"
"FBS","Food Balances (2010-)","756","Switzerland","5911","Export Quantity","S2520","Cereals, Other","2018","2018","1000 tonnes","0","I","Imputed value"
"FBS","Food Balances (2010-)","756","Switzerland","5521","Feed","S2520","Cereals, Other","2018","2018","1000 tonnes","48","I","Imputed value"
"FBS","Food Balances (2010-)","756","Switzerland","5123","Losses","S2520","Cereals, Other","2018","2018","1000 tonnes","2","I","Imputed value"
"FBS","Food Balances (2010-)","756","Switzerland","5170","Residuals","S2520","Cereals, Other","2018","2018","1000 tonnes","0","I","Imputed value"
"FBS","Food Balances (2010-)","756","Switzerland","5142","Food","S2520","Cereals, Other","2018","2018","1000 tonnes","8","I","Imputed value"
"FBS","Food Balances (2010-)","756","Switzerland","5611","Import Quantity","S2532","Cassava and products","2018","2018","1000 tonnes","2","I","Imputed value"
"FBS","Food Balances (2010-)","756","Switzerland","5911","Export Quantity","S2532","Cassava and products","2018","2018","1000 tonnes","0","I","Imputed value"
"FBS","Food Balances (2010-)","756","Switzerland","5521","Feed","S2532","Cassava and products","2018","2018","1000 tonnes","1","I","Imputed value"
"FBS","Food Balances (2010-)","756","Switzerland","5154","Other uses (non-food)","S2532","Cassava and products","2018","2018","1000 tonnes","1","I","Imputed value"
"FBS","Food Balances (2010-)","756","Switzerland","5170","Residuals","S2532","Cassava and products","2018","2018","1000 tonnes","0","I","Imputed value"
"FBS","Food Balances (2010-)","756","Switzerland","5511","Production","S2531","Potatoes and products","2018","2018","1000 tonnes","448","I","Imputed value"
"FBS","Food Balances (2010-)","756","Switzerland","5611","Import Quantity","S2531","Potatoes and products","2018","2018","1000 tonnes","30","I","Imputed value"
"FBS","Food Balances (2010-)","756","Switzerland","5072","Stock Variation","S2531","Potatoes and products","2018","2018","1000 tonnes","-50","I","Imputed value"
"FBS","Food Balances (2010-)","756","Switzerland","5911","Export Quantity","S2531","Potatoes and products","2018","2018","1000 tonnes","7","I","Imputed value"
"FBS","Food Balances (2010-)","756","Switzerland","5521","Feed","S2531","Potatoes and products","2018","2018","1000 tonnes","72","I","Imputed value"
"FBS","Food Balances (2010-)","756","Switzerland","5123","Losses","S2531","Potatoes and products","2018","2018","1000 tonnes","20","I","Imputed value"
"FBS","Food Balances (2010-)","756","Switzerland","5131","Processing","S2531","Potatoes and products","2018","2018","1000 tonnes","6","I","Imputed value"
"FBS","Food Balances (2010-)","756","Switzerland","5170","Residuals","S2531","Potatoes and products","2018","2018","1000 tonnes","0","I","Imputed value"
"FBS","Food Balances (2010-)","756","Switzerland","5142","Food","S2531","Potatoes and products","2018","2018","1000 tonnes","399","I","Imputed value"
"FBS","Food Balances (2010-)","756","Switzerland","5611","Import Quantity","S2533","Sweet potatoes","2018","2018","1000 tonnes","4","I","Imputed value"
"FBS","Food Balances (2010-)","756","Switzerland","5072","Stock Variation","S2533","Sweet potatoes","2018","2018","1000 tonnes","1","I","Imputed value"
"FBS","Food Balances (2010-)","756","Switzerland","5911","Export Quantity","S2533","Sweet potatoes","2018","2018","1000 tonnes","0","I","Imputed value"
"FBS","Food Balances (2010-)","756","Switzerland","5521","Feed","S2533","Sweet potatoes","2018","2018","1000 tonnes","2","I","Imputed value"
"FBS","Food Balances (2010-)","756","Switzerland","5170","Residuals","S2533","Sweet potatoes","2018","2018","1000 tonnes","0","I","Imputed value"
"FBS","Food Balances (2010-)","756","Switzerland","5142","Food","S2533","Sweet potatoes","2018","2018","1000 tonnes","1","I","Imputed value"
"FBS","Food Balances (2010-)","756","Switzerland","5611","Import Quantity","S2535","Yams","2018","2018","1000 tonnes","0","I","Imputed value"
"FBS","Food Balances (2010-)","756","Switzerland","5072","Stock Variation","S2535","Yams","2018","2018","1000 tonnes","0","I","Imputed value"
"FBS","Food Balances (2010-)","756","Switzerland","5911","Export Quantity","S2535","Yams","2018","2018","1000 tonnes","0","I","Imputed value"
"FBS","Food Balances (2010-)","756","Switzerland","5521","Feed","S2535","Yams","2018","2018","1000 tonnes","0","I","Imputed value"
"FBS","Food Balances (2010-)","756","Switzerland","5170","Residuals","S2535","Yams","2018","2018","1000 tonnes","0","I","Imputed value"
"FBS","Food Balances (2010-)","756","Switzerland","5142","Food","S2535","Yams","2018","2018","1000 tonnes","0","I","Imputed value"
"FBS","Food Balances (2010-)","756","Switzerland","5611","Import Quantity","S2534","Roots, Other","2018","2018","1000 tonnes","0","I","Imputed value"
"FBS","Food Balances (2010-)","756","Switzerland","5072","Stock Variation","S2534","Roots, Other","2018","2018","1000 tonnes","0","I","Imputed value"
"FBS","Food Balances (2010-)","756","Switzerland","5911","Export Quantity","S2534","Roots, Other","2018","2018","1000 tonnes","0","I","Imputed value"
"FBS","Food Balances (2010-)","756","Switzerland","5521","Feed","S2534","Roots, Other","2018","2018","1000 tonnes","0","I","Imputed value"
"FBS","Food Balances (2010-)","756","Switzerland","5170","Residuals","S2534","Roots, Other","2018","2018","1000 tonnes","0","I","Imputed value"
"FBS","Food Balances (2010-)","756","Switzerland","5142","Food","S2534","Roots, Other","2018","2018","1000 tonnes","0","I","Imputed value"
"FBS","Food Balances (2010-)","756","Switzerland","5611","Import Quantity","S2536","Sugar cane","2018","2018","1000 tonnes","3","I","Imputed value"
"FBS","Food Balances (2010-)","756","Switzerland","5521","Feed","S2536","Sugar cane","2018","2018","1000 tonnes","3","I","Imputed value"
"FBS","Food Balances (2010-)","756","Switzerland","5170","Residuals","S2536","Sugar cane","2018","2018","1000 tonnes","0","I","Imputed value"
"FBS","Food Balances (2010-)","756","Switzerland","5511","Production","S2537","Sugar beet","2018","2018","1000 tonnes","1625","I","Imputed value"
"FBS","Food Balances (2010-)","756","Switzerland","5611","Import Quantity","S2537","Sugar beet","2018","2018","1000 tonnes","161","I","Imputed value"
"FBS","Food Balances (2010-)","756","Switzerland","5072","Stock Variation","S2537","Sugar beet","2018","2018","1000 tonnes","484","I","Imputed value"
"FBS","Food Balances (2010-)","756","Switzerland","5911","Export Quantity","S2537","Sugar beet","2018","2018","1000 tonnes","0","I","Imputed value"
"FBS","Food Balances (2010-)","756","Switzerland","5521","Feed","S2537","Sugar beet","2018","2018","1000 tonnes","0","I","Imputed value"
"FBS","Food Balances (2010-)","756","Switzerland","5123","Losses","S2537","Sugar beet","2018","2018","1000 tonnes","87","I","Imputed value"
"FBS","Food Balances (2010-)","756","Switzerland","5131","Processing","S2537","Sugar beet","2018","2018","1000 tonnes","1215","I","Imputed value"
"FBS","Food Balances (2010-)","756","Switzerland","5170","Residuals","S2537","Sugar beet","2018","2018","1000 tonnes","0","I","Imputed value"
"FBS","Food Balances (2010-)","756","Switzerland","5511","Production","S2542","Sugar (Raw Equivalent)","2018","2018","1000 tonnes","219","I","Imputed value"
"FBS","Food Balances (2010-)","756","Switzerland","5611","Import Quantity","S2542","Sugar (Raw Equivalent)","2018","2018","1000 tonnes","106","I","Imputed value"
"FBS","Food Balances (2010-)","756","Switzerland","5072","Stock Variation","S2542","Sugar (Raw Equivalent)","2018","2018","1000 tonnes","-56","I","Imputed value"
"FBS","Food Balances (2010-)","756","Switzerland","5911","Export Quantity","S2542","Sugar (Raw Equivalent)","2018","2018","1000 tonnes","30","I","Imputed value"
"FBS","Food Balances (2010-)","756","Switzerland","5521","Feed","S2542","Sugar (Raw Equivalent)","2018","2018","1000 tonnes","0","I","Imputed value"
"FBS","Food Balances (2010-)","756","Switzerland","5131","Processing","S2542","Sugar (Raw Equivalent)","2018","2018","1000 tonnes","0","I","Imputed value"
"FBS","Food Balances (2010-)","756","Switzerland","5154","Other uses (non-food)","S2542","Sugar (Raw Equivalent)","2018","2018","1000 tonnes","0","I","Imputed value"
"FBS","Food Balances (2010-)","756","Switzerland","5170","Residuals","S2542","Sugar (Raw Equivalent)","2018","2018","1000 tonnes","0","I","Imputed value"
"FBS","Food Balances (2010-)","756","Switzerland","5142","Food","S2542","Sugar (Raw Equivalent)","2018","2018","1000 tonnes","350","I","Imputed value"
"FBS","Food Balances (2010-)","756","Switzerland","5511","Production","S2543","Sweeteners, Other","2018","2018","1000 tonnes","23","I","Imputed value"
"FBS","Food Balances (2010-)","756","Switzerland","5611","Import Quantity","S2543","Sweeteners, Other","2018","2018","1000 tonnes","148","I","Imputed value"
"FBS","Food Balances (2010-)","756","Switzerland","5072","Stock Variation","S2543","Sweeteners, Other","2018","2018","1000 tonnes","24","I","Imputed value"
"FBS","Food Balances (2010-)","756","Switzerland","5911","Export Quantity","S2543","Sweeteners, Other","2018","2018","1000 tonnes","118","I","Imputed value"
"FBS","Food Balances (2010-)","756","Switzerland","5521","Feed","S2543","Sweeteners, Other","2018","2018","1000 tonnes","0","I","Imputed value"
"FBS","Food Balances (2010-)","756","Switzerland","5154","Other uses (non-food)","S2543","Sweeteners, Other","2018","2018","1000 tonnes","4","I","Imputed value"
"FBS","Food Balances (2010-)","756","Switzerland","5170","Residuals","S2543","Sweeteners, Other","2018","2018","1000 tonnes","0","I","Imputed value"
"FBS","Food Balances (2010-)","756","Switzerland","5142","Food","S2543","Sweeteners, Other","2018","2018","1000 tonnes","24","I","Imputed value"
"FBS","Food Balances (2010-)","756","Switzerland","5511","Production","S2745","Honey","2018","2018","1000 tonnes","4","I","Imputed value"
"FBS","Food Balances (2010-)","756","Switzerland","5611","Import Quantity","S2745","Honey","2018","2018","1000 tonnes","8","I","Imputed value"
"FBS","Food Balances (2010-)","756","Switzerland","5072","Stock Variation","S2745","Honey","2018","2018","1000 tonnes","0","I","Imputed value"
"FBS","Food Balances (2010-)","756","Switzerland","5911","Export Quantity","S2745","Honey","2018","2018","1000 tonnes","1","I","Imputed value"
"FBS","Food Balances (2010-)","756","Switzerland","5521","Feed","S2745","Honey","2018","2018","1000 tonnes","0","I","Imputed value"
"FBS","Food Balances (2010-)","756","Switzerland","5123","Losses","S2745","Honey","2018","2018","1000 tonnes","0","I","Imputed value"
"FBS","Food Balances (2010-)","756","Switzerland","5170","Residuals","S2745","Honey","2018","2018","1000 tonnes","0","I","Imputed value"
"FBS","Food Balances (2010-)","756","Switzerland","5142","Food","S2745","Honey","2018","2018","1000 tonnes","12","I","Imputed value"
"FBS","Food Balances (2010-)","756","Switzerland","5511","Production","S2546","Beans","2018","2018","1000 tonnes","0","I","Imputed value"
"FBS","Food Balances (2010-)","756","Switzerland","5611","Import Quantity","S2546","Beans","2018","2018","1000 tonnes","3","I","Imputed value"
"FBS","Food Balances (2010-)","756","Switzerland","5072","Stock Variation","S2546","Beans","2018","2018","1000 tonnes","0","I","Imputed value"
"FBS","Food Balances (2010-)","756","Switzerland","5911","Export Quantity","S2546","Beans","2018","2018","1000 tonnes","0","I","Imputed value"
"FBS","Food Balances (2010-)","756","Switzerland","5521","Feed","S2546","Beans","2018","2018","1000 tonnes","0","I","Imputed value"
"FBS","Food Balances (2010-)","756","Switzerland","5123","Losses","S2546","Beans","2018","2018","1000 tonnes","0","I","Imputed value"
"FBS","Food Balances (2010-)","756","Switzerland","5170","Residuals","S2546","Beans","2018","2018","1000 tonnes","0","I","Imputed value"
"FBS","Food Balances (2010-)","756","Switzerland","5142","Food","S2546","Beans","2018","2018","1000 tonnes","2","I","Imputed value"
"FBS","Food Balances (2010-)","756","Switzerland","5511","Production","S2547","Peas","2018","2018","1000 tonnes","16","I","Imputed value"
"FBS","Food Balances (2010-)","756","Switzerland","5611","Import Quantity","S2547","Peas","2018","2018","1000 tonnes","12","I","Imputed value"
"FBS","Food Balances (2010-)","756","Switzerland","5072","Stock Variation","S2547","Peas","2018","2018","1000 tonnes","0","I","Imputed value"
"FBS","Food Balances (2010-)","756","Switzerland","5911","Export Quantity","S2547","Peas","2018","2018","1000 tonnes","0","I","Imputed value"
"FBS","Food Balances (2010-)","756","Switzerland","5521","Feed","S2547","Peas","2018","2018","1000 tonnes","15","I","Imputed value"
"FBS","Food Balances (2010-)","756","Switzerland","5123","Losses","S2547","Peas","2018","2018","1000 tonnes","1","I","Imputed value"
"FBS","Food Balances (2010-)","756","Switzerland","5131","Processing","S2547","Peas","2018","2018","1000 tonnes","1","I","Imputed value"
"FBS","Food Balances (2010-)","756","Switzerland","5170","Residuals","S2547","Peas","2018","2018","1000 tonnes","0","I","Imputed value"
"FBS","Food Balances (2010-)","756","Switzerland","5142","Food","S2547","Peas","2018","2018","1000 tonnes","11","I","Imputed value"
"FBS","Food Balances (2010-)","756","Switzerland","5511","Production","S2549","Pulses, Other and products","2018","2018","1000 tonnes","3","I","Imputed value"
"FBS","Food Balances (2010-)","756","Switzerland","5611","Import Quantity","S2549","Pulses, Other and products","2018","2018","1000 tonnes","5","I","Imputed value"
"FBS","Food Balances (2010-)","756","Switzerland","5072","Stock Variation","S2549","Pulses, Other and products","2018","2018","1000 tonnes","1","I","Imputed value"
"FBS","Food Balances (2010-)","756","Switzerland","5911","Export Quantity","S2549","Pulses, Other and products","2018","2018","1000 tonnes","0","I","Imputed value"
"FBS","Food Balances (2010-)","756","Switzerland","5521","Feed","S2549","Pulses, Other and products","2018","2018","1000 tonnes","4","I","Imputed value"
"FBS","Food Balances (2010-)","756","Switzerland","5123","Losses","S2549","Pulses, Other and products","2018","2018","1000 tonnes","0","I","Imputed value"
"FBS","Food Balances (2010-)","756","Switzerland","5170","Residuals","S2549","Pulses, Other and products","2018","2018","1000 tonnes","0","I","Imputed value"
"FBS","Food Balances (2010-)","756","Switzerland","5142","Food","S2549","Pulses, Other and products","2018","2018","1000 tonnes","3","I","Imputed value"
"FBS","Food Balances (2010-)","756","Switzerland","5511","Production","S2551","Nuts and products","2018","2018","1000 tonnes","3","I","Imputed value"
"FBS","Food Balances (2010-)","756","Switzerland","5611","Import Quantity","S2551","Nuts and products","2018","2018","1000 tonnes","39","I","Imputed value"
"FBS","Food Balances (2010-)","756","Switzerland","5072","Stock Variation","S2551","Nuts and products","2018","2018","1000 tonnes","2","I","Imputed value"
"FBS","Food Balances (2010-)","756","Switzerland","5911","Export Quantity","S2551","Nuts and products","2018","2018","1000 tonnes","1","I","Imputed value"
"FBS","Food Balances (2010-)","756","Switzerland","5123","Losses","S2551","Nuts and products","2018","2018","1000 tonnes","0","I","Imputed value"
"FBS","Food Balances (2010-)","756","Switzerland","5154","Other uses (non-food)","S2551","Nuts and products","2018","2018","1000 tonnes","0","I","Imputed value"
"FBS","Food Balances (2010-)","756","Switzerland","5170","Residuals","S2551","Nuts and products","2018","2018","1000 tonnes","0","I","Imputed value"
"FBS","Food Balances (2010-)","756","Switzerland","5142","Food","S2551","Nuts and products","2018","2018","1000 tonnes","38","I","Imputed value"
"FBS","Food Balances (2010-)","756","Switzerland","5511","Production","S2555","Soyabeans","2018","2018","1000 tonnes","4","I","Imputed value"
"FBS","Food Balances (2010-)","756","Switzerland","5611","Import Quantity","S2555","Soyabeans","2018","2018","1000 tonnes","15","I","Imputed value"
"FBS","Food Balances (2010-)","756","Switzerland","5072","Stock Variation","S2555","Soyabeans","2018","2018","1000 tonnes","-1","I","Imputed value"
"FBS","Food Balances (2010-)","756","Switzerland","5911","Export Quantity","S2555","Soyabeans","2018","2018","1000 tonnes","0","I","Imputed value"
"FBS","Food Balances (2010-)","756","Switzerland","5521","Feed","S2555","Soyabeans","2018","2018","1000 tonnes","0","I","Imputed value"
"FBS","Food Balances (2010-)","756","Switzerland","5123","Losses","S2555","Soyabeans","2018","2018","1000 tonnes","0","I","Imputed value"
"FBS","Food Balances (2010-)","756","Switzerland","5131","Processing","S2555","Soyabeans","2018","2018","1000 tonnes","18","I","Imputed value"
"FBS","Food Balances (2010-)","756","Switzerland","5170","Residuals","S2555","Soyabeans","2018","2018","1000 tonnes","0","I","Imputed value"
"FBS","Food Balances (2010-)","756","Switzerland","5142","Food","S2555","Soyabeans","2018","2018","1000 tonnes","2","I","Imputed value"
"FBS","Food Balances (2010-)","756","Switzerland","5511","Production","S2552","Groundnuts","2018","2018","1000 tonnes","0","I","Imputed value"
"FBS","Food Balances (2010-)","756","Switzerland","5611","Import Quantity","S2552","Groundnuts","2018","2018","1000 tonnes","8","I","Imputed value"
"FBS","Food Balances (2010-)","756","Switzerland","5072","Stock Variation","S2552","Groundnuts","2018","2018","1000 tonnes","0","I","Imputed value"
"FBS","Food Balances (2010-)","756","Switzerland","5911","Export Quantity","S2552","Groundnuts","2018","2018","1000 tonnes","0","I","Imputed value"
"FBS","Food Balances (2010-)","756","Switzerland","5131","Processing","S2552","Groundnuts","2018","2018","1000 tonnes","4","I","Imputed value"
"FBS","Food Balances (2010-)","756","Switzerland","5170","Residuals","S2552","Groundnuts","2018","2018","1000 tonnes","0","I","Imputed value"
"FBS","Food Balances (2010-)","756","Switzerland","5142","Food","S2552","Groundnuts","2018","2018","1000 tonnes","4","I","Imputed value"
"FBS","Food Balances (2010-)","756","Switzerland","5511","Production","S2557","Sunflower seed","2018","2018","1000 tonnes","17","I","Imputed value"
"FBS","Food Balances (2010-)","756","Switzerland","5611","Import Quantity","S2557","Sunflower seed","2018","2018","1000 tonnes","9","I","Imputed value"
"FBS","Food Balances (2010-)","756","Switzerland","5072","Stock Variation","S2557","Sunflower seed","2018","2018","1000 tonnes","0","I","Imputed value"
"FBS","Food Balances (2010-)","756","Switzerland","5911","Export Quantity","S2557","Sunflower seed","2018","2018","1000 tonnes","0","I","Imputed value"
"FBS","Food Balances (2010-)","756","Switzerland","5521","Feed","S2557","Sunflower seed","2018","2018","1000 tonnes","3","I","Imputed value"
"FBS","Food Balances (2010-)","756","Switzerland","5123","Losses","S2557","Sunflower seed","2018","2018","1000 tonnes","1","I","Imputed value"
"FBS","Food Balances (2010-)","756","Switzerland","5131","Processing","S2557","Sunflower seed","2018","2018","1000 tonnes","22","I","Imputed value"
"FBS","Food Balances (2010-)","756","Switzerland","5170","Residuals","S2557","Sunflower seed","2018","2018","1000 tonnes","0","I","Imputed value"
"FBS","Food Balances (2010-)","756","Switzerland","5511","Production","S2558","Rape and Mustardseed","2018","2018","1000 tonnes","78","I","Imputed value"
"FBS","Food Balances (2010-)","756","Switzerland","5611","Import Quantity","S2558","Rape and Mustardseed","2018","2018","1000 tonnes","8","I","Imputed value"
"FBS","Food Balances (2010-)","756","Switzerland","5072","Stock Variation","S2558","Rape and Mustardseed","2018","2018","1000 tonnes","1","I","Imputed value"
"FBS","Food Balances (2010-)","756","Switzerland","5911","Export Quantity","S2558","Rape and Mustardseed","2018","2018","1000 tonnes","1","I","Imputed value"
"FBS","Food Balances (2010-)","756","Switzerland","5521","Feed","S2558","Rape and Mustardseed","2018","2018","1000 tonnes","3","I","Imputed value"
"FBS","Food Balances (2010-)","756","Switzerland","5123","Losses","S2558","Rape and Mustardseed","2018","2018","1000 tonnes","4","I","Imputed value"
"FBS","Food Balances (2010-)","756","Switzerland","5131","Processing","S2558","Rape and Mustardseed","2018","2018","1000 tonnes","75","I","Imputed value"
"FBS","Food Balances (2010-)","756","Switzerland","5170","Residuals","S2558","Rape and Mustardseed","2018","2018","1000 tonnes","0","I","Imputed value"
"FBS","Food Balances (2010-)","756","Switzerland","5142","Food","S2558","Rape and Mustardseed","2018","2018","1000 tonnes","2","I","Imputed value"
"FBS","Food Balances (2010-)","756","Switzerland","5611","Import Quantity","S2559","Cottonseed","2018","2018","1000 tonnes","0","I","Imputed value"
"FBS","Food Balances (2010-)","756","Switzerland","5072","Stock Variation","S2559","Cottonseed","2018","2018","1000 tonnes","0","I","Imputed value"
"FBS","Food Balances (2010-)","756","Switzerland","5911","Export Quantity","S2559","Cottonseed","2018","2018","1000 tonnes","0","I","Imputed value"
"FBS","Food Balances (2010-)","756","Switzerland","5521","Feed","S2559","Cottonseed","2018","2018","1000 tonnes","0","I","Imputed value"
"FBS","Food Balances (2010-)","756","Switzerland","5170","Residuals","S2559","Cottonseed","2018","2018","1000 tonnes","0","I","Imputed value"
"FBS","Food Balances (2010-)","756","Switzerland","5611","Import Quantity","S2560","Coconuts - Incl Copra","2018","2018","1000 tonnes","2","I","Imputed value"
"FBS","Food Balances (2010-)","756","Switzerland","5072","Stock Variation","S2560","Coconuts - Incl Copra","2018","2018","1000 tonnes","0","I","Imputed value"
"FBS","Food Balances (2010-)","756","Switzerland","5911","Export Quantity","S2560","Coconuts - Incl Copra","2018","2018","1000 tonnes","0","I","Imputed value"
"FBS","Food Balances (2010-)","756","Switzerland","5521","Feed","S2560","Coconuts - Incl Copra","2018","2018","1000 tonnes","0","I","Imputed value"
"FBS","Food Balances (2010-)","756","Switzerland","5123","Losses","S2560","Coconuts - Incl Copra","2018","2018","1000 tonnes","0","I","Imputed value"
"FBS","Food Balances (2010-)","756","Switzerland","5170","Residuals","S2560","Coconuts - Incl Copra","2018","2018","1000 tonnes","0","I","Imputed value"
"FBS","Food Balances (2010-)","756","Switzerland","5142","Food","S2560","Coconuts - Incl Copra","2018","2018","1000 tonnes","2","I","Imputed value"
"FBS","Food Balances (2010-)","756","Switzerland","5611","Import Quantity","S2561","Sesame seed","2018","2018","1000 tonnes","1","I","Imputed value"
"FBS","Food Balances (2010-)","756","Switzerland","5072","Stock Variation","S2561","Sesame seed","2018","2018","1000 tonnes","0","I","Imputed value"
"FBS","Food Balances (2010-)","756","Switzerland","5911","Export Quantity","S2561","Sesame seed","2018","2018","1000 tonnes","0","I","Imputed value"
"FBS","Food Balances (2010-)","756","Switzerland","5521","Feed","S2561","Sesame seed","2018","2018","1000 tonnes","0","I","Imputed value"
"FBS","Food Balances (2010-)","756","Switzerland","5170","Residuals","S2561","Sesame seed","2018","2018","1000 tonnes","0","I","Imputed value"
"FBS","Food Balances (2010-)","756","Switzerland","5142","Food","S2561","Sesame seed","2018","2018","1000 tonnes","1","I","Imputed value"
"FBS","Food Balances (2010-)","756","Switzerland","5611","Import Quantity","S2562","Palm kernels","2018","2018","1000 tonnes","0","I","Imputed value"
"FBS","Food Balances (2010-)","756","Switzerland","5072","Stock Variation","S2562","Palm kernels","2018","2018","1000 tonnes","0","I","Imputed value"
"FBS","Food Balances (2010-)","756","Switzerland","5131","Processing","S2562","Palm kernels","2018","2018","1000 tonnes","0","I","Imputed value"
"FBS","Food Balances (2010-)","756","Switzerland","5170","Residuals","S2562","Palm kernels","2018","2018","1000 tonnes","0","I","Imputed value"
"FBS","Food Balances (2010-)","756","Switzerland","5611","Import Quantity","S2563","Olives (including preserved)","2018","2018","1000 tonnes","8","I","Imputed value"
"FBS","Food Balances (2010-)","756","Switzerland","5072","Stock Variation","S2563","Olives (including preserved)","2018","2018","1000 tonnes","1","I","Imputed value"
"FBS","Food Balances (2010-)","756","Switzerland","5911","Export Quantity","S2563","Olives (including preserved)","2018","2018","1000 tonnes","0","I","Imputed value"
"FBS","Food Balances (2010-)","756","Switzerland","5170","Residuals","S2563","Olives (including preserved)","2018","2018","1000 tonnes","0","I","Imputed value"
"FBS","Food Balances (2010-)","756","Switzerland","5142","Food","S2563","Olives (including preserved)","2018","2018","1000 tonnes","7","I","Imputed value"
"FBS","Food Balances (2010-)","756","Switzerland","5511","Production","S2570","Oilcrops, Other","2018","2018","1000 tonnes","0","I","Imputed value"
"FBS","Food Balances (2010-)","756","Switzerland","5611","Import Quantity","S2570","Oilcrops, Other","2018","2018","1000 tonnes","10","I","Imputed value"
"FBS","Food Balances (2010-)","756","Switzerland","5072","Stock Variation","S2570","Oilcrops, Other","2018","2018","1000 tonnes","0","I","Imputed value"
"FBS","Food Balances (2010-)","756","Switzerland","5911","Export Quantity","S2570","Oilcrops, Other","2018","2018","1000 tonnes","0","I","Imputed value"
"FBS","Food Balances (2010-)","756","Switzerland","5521","Feed","S2570","Oilcrops, Other","2018","2018","1000 tonnes","6","I","Imputed value"
"FBS","Food Balances (2010-)","756","Switzerland","5123","Losses","S2570","Oilcrops, Other","2018","2018","1000 tonnes","0","I","Imputed value"
"FBS","Food Balances (2010-)","756","Switzerland","5131","Processing","S2570","Oilcrops, Other","2018","2018","1000 tonnes","4","I","Imputed value"
"FBS","Food Balances (2010-)","756","Switzerland","5154","Other uses (non-food)","S2570","Oilcrops, Other","2018","2018","1000 tonnes","0","I","Imputed value"
"FBS","Food Balances (2010-)","756","Switzerland","5170","Residuals","S2570","Oilcrops, Other","2018","2018","1000 tonnes","0","I","Imputed value"
"FBS","Food Balances (2010-)","756","Switzerland","5142","Food","S2570","Oilcrops, Other","2018","2018","1000 tonnes","0","I","Imputed value"
"FBS","Food Balances (2010-)","756","Switzerland","5511","Production","S2571","Soyabean Oil","2018","2018","1000 tonnes","3","I","Imputed value"
"FBS","Food Balances (2010-)","756","Switzerland","5611","Import Quantity","S2571","Soyabean Oil","2018","2018","1000 tonnes","5","I","Imputed value"
"FBS","Food Balances (2010-)","756","Switzerland","5072","Stock Variation","S2571","Soyabean Oil","2018","2018","1000 tonnes","0","I","Imputed value"
"FBS","Food Balances (2010-)","756","Switzerland","5911","Export Quantity","S2571","Soyabean Oil","2018","2018","1000 tonnes","0","I","Imputed value"
"FBS","Food Balances (2010-)","756","Switzerland","5170","Residuals","S2571","Soyabean Oil","2018","2018","1000 tonnes","0","I","Imputed value"
"FBS","Food Balances (2010-)","756","Switzerland","5142","Food","S2571","Soyabean Oil","2018","2018","1000 tonnes","8","I","Imputed value"
"FBS","Food Balances (2010-)","756","Switzerland","5511","Production","S2572","Groundnut Oil","2018","2018","1000 tonnes","1","I","Imputed value"
"FBS","Food Balances (2010-)","756","Switzerland","5611","Import Quantity","S2572","Groundnut Oil","2018","2018","1000 tonnes","5","I","Imputed value"
"FBS","Food Balances (2010-)","756","Switzerland","5072","Stock Variation","S2572","Groundnut Oil","2018","2018","1000 tonnes","-1","I","Imputed value"
"FBS","Food Balances (2010-)","756","Switzerland","5911","Export Quantity","S2572","Groundnut Oil","2018","2018","1000 tonnes","0","I","Imputed value"
"FBS","Food Balances (2010-)","756","Switzerland","5170","Residuals","S2572","Groundnut Oil","2018","2018","1000 tonnes","0","I","Imputed value"
"FBS","Food Balances (2010-)","756","Switzerland","5142","Food","S2572","Groundnut Oil","2018","2018","1000 tonnes","7","I","Imputed value"
"FBS","Food Balances (2010-)","756","Switzerland","5511","Production","S2573","Sunflowerseed Oil","2018","2018","1000 tonnes","9","I","Imputed value"
"FBS","Food Balances (2010-)","756","Switzerland","5611","Import Quantity","S2573","Sunflowerseed Oil","2018","2018","1000 tonnes","42","I","Imputed value"
"FBS","Food Balances (2010-)","756","Switzerland","5072","Stock Variation","S2573","Sunflowerseed Oil","2018","2018","1000 tonnes","-2","I","Imputed value"
"FBS","Food Balances (2010-)","756","Switzerland","5911","Export Quantity","S2573","Sunflowerseed Oil","2018","2018","1000 tonnes","0","I","Imputed value"
"FBS","Food Balances (2010-)","756","Switzerland","5131","Processing","S2573","Sunflowerseed Oil","2018","2018","1000 tonnes","0","I","Imputed value"
"FBS","Food Balances (2010-)","756","Switzerland","5154","Other uses (non-food)","S2573","Sunflowerseed Oil","2018","2018","1000 tonnes","4","I","Imputed value"
"FBS","Food Balances (2010-)","756","Switzerland","5170","Residuals","S2573","Sunflowerseed Oil","2018","2018","1000 tonnes","0","I","Imputed value"
"FBS","Food Balances (2010-)","756","Switzerland","5142","Food","S2573","Sunflowerseed Oil","2018","2018","1000 tonnes","49","I","Imputed value"
"FBS","Food Balances (2010-)","756","Switzerland","5511","Production","S2574","Rape and Mustard Oil","2018","2018","1000 tonnes","32","I","Imputed value"
"FBS","Food Balances (2010-)","756","Switzerland","5611","Import Quantity","S2574","Rape and Mustard Oil","2018","2018","1000 tonnes","13","I","Imputed value"
"FBS","Food Balances (2010-)","756","Switzerland","5072","Stock Variation","S2574","Rape and Mustard Oil","2018","2018","1000 tonnes","0","I","Imputed value"
"FBS","Food Balances (2010-)","756","Switzerland","5911","Export Quantity","S2574","Rape and Mustard Oil","2018","2018","1000 tonnes","0","I","Imputed value"
"FBS","Food Balances (2010-)","756","Switzerland","5131","Processing","S2574","Rape and Mustard Oil","2018","2018","1000 tonnes","4","I","Imputed value"
"FBS","Food Balances (2010-)","756","Switzerland","5154","Other uses (non-food)","S2574","Rape and Mustard Oil","2018","2018","1000 tonnes","2","I","Imputed value"
"FBS","Food Balances (2010-)","756","Switzerland","5170","Residuals","S2574","Rape and Mustard Oil","2018","2018","1000 tonnes","0","I","Imputed value"
"FBS","Food Balances (2010-)","756","Switzerland","5142","Food","S2574","Rape and Mustard Oil","2018","2018","1000 tonnes","38","I","Imputed value"
"FBS","Food Balances (2010-)","756","Switzerland","5611","Import Quantity","S2575","Cottonseed Oil","2018","2018","1000 tonnes","0","I","Imputed value"
"FBS","Food Balances (2010-)","756","Switzerland","5072","Stock Variation","S2575","Cottonseed Oil","2018","2018","1000 tonnes","0","I","Imputed value"
"FBS","Food Balances (2010-)","756","Switzerland","5911","Export Quantity","S2575","Cottonseed Oil","2018","2018","1000 tonnes","0","I","Imputed value"
"FBS","Food Balances (2010-)","756","Switzerland","5170","Residuals","S2575","Cottonseed Oil","2018","2018","1000 tonnes","0","I","Imputed value"
"FBS","Food Balances (2010-)","756","Switzerland","5142","Food","S2575","Cottonseed Oil","2018","2018","1000 tonnes","0","I","Imputed value"
"FBS","Food Balances (2010-)","756","Switzerland","5511","Production","S2576","Palmkernel Oil","2018","2018","1000 tonnes","0","I","Imputed value"
"FBS","Food Balances (2010-)","756","Switzerland","5611","Import Quantity","S2576","Palmkernel Oil","2018","2018","1000 tonnes","3","I","Imputed value"
"FBS","Food Balances (2010-)","756","Switzerland","5072","Stock Variation","S2576","Palmkernel Oil","2018","2018","1000 tonnes","0","I","Imputed value"
"FBS","Food Balances (2010-)","756","Switzerland","5911","Export Quantity","S2576","Palmkernel Oil","2018","2018","1000 tonnes","0","I","Imputed value"
"FBS","Food Balances (2010-)","756","Switzerland","5131","Processing","S2576","Palmkernel Oil","2018","2018","1000 tonnes","3","I","Imputed value"
"FBS","Food Balances (2010-)","756","Switzerland","5170","Residuals","S2576","Palmkernel Oil","2018","2018","1000 tonnes","0","I","Imputed value"
"FBS","Food Balances (2010-)","756","Switzerland","5611","Import Quantity","S2577","Palm Oil","2018","2018","1000 tonnes","25","I","Imputed value"
"FBS","Food Balances (2010-)","756","Switzerland","5072","Stock Variation","S2577","Palm Oil","2018","2018","1000 tonnes","0","I","Imputed value"
"FBS","Food Balances (2010-)","756","Switzerland","5911","Export Quantity","S2577","Palm Oil","2018","2018","1000 tonnes","0","I","Imputed value"
"FBS","Food Balances (2010-)","756","Switzerland","5131","Processing","S2577","Palm Oil","2018","2018","1000 tonnes","15","I","Imputed value"
"FBS","Food Balances (2010-)","756","Switzerland","5154","Other uses (non-food)","S2577","Palm Oil","2018","2018","1000 tonnes","10","I","Imputed value"
"FBS","Food Balances (2010-)","756","Switzerland","5170","Residuals","S2577","Palm Oil","2018","2018","1000 tonnes","0","I","Imputed value"
"FBS","Food Balances (2010-)","756","Switzerland","5611","Import Quantity","S2578","Coconut Oil","2018","2018","1000 tonnes","9","I","Imputed value"
"FBS","Food Balances (2010-)","756","Switzerland","5072","Stock Variation","S2578","Coconut Oil","2018","2018","1000 tonnes","0","I","Imputed value"
"FBS","Food Balances (2010-)","756","Switzerland","5911","Export Quantity","S2578","Coconut Oil","2018","2018","1000 tonnes","0","I","Imputed value"
"FBS","Food Balances (2010-)","756","Switzerland","5170","Residuals","S2578","Coconut Oil","2018","2018","1000 tonnes","0","I","Imputed value"
"FBS","Food Balances (2010-)","756","Switzerland","5142","Food","S2578","Coconut Oil","2018","2018","1000 tonnes","9","I","Imputed value"
"FBS","Food Balances (2010-)","756","Switzerland","5611","Import Quantity","S2579","Sesameseed Oil","2018","2018","1000 tonnes","1","I","Imputed value"
"FBS","Food Balances (2010-)","756","Switzerland","5072","Stock Variation","S2579","Sesameseed Oil","2018","2018","1000 tonnes","0","I","Imputed value"
"FBS","Food Balances (2010-)","756","Switzerland","5911","Export Quantity","S2579","Sesameseed Oil","2018","2018","1000 tonnes","0","I","Imputed value"
"FBS","Food Balances (2010-)","756","Switzerland","5170","Residuals","S2579","Sesameseed Oil","2018","2018","1000 tonnes","0","I","Imputed value"
"FBS","Food Balances (2010-)","756","Switzerland","5142","Food","S2579","Sesameseed Oil","2018","2018","1000 tonnes","0","I","Imputed value"
"FBS","Food Balances (2010-)","756","Switzerland","5611","Import Quantity","S2580","Olive Oil","2018","2018","1000 tonnes","15","I","Imputed value"
"FBS","Food Balances (2010-)","756","Switzerland","5072","Stock Variation","S2580","Olive Oil","2018","2018","1000 tonnes","0","I","Imputed value"
"FBS","Food Balances (2010-)","756","Switzerland","5911","Export Quantity","S2580","Olive Oil","2018","2018","1000 tonnes","0","I","Imputed value"
"FBS","Food Balances (2010-)","756","Switzerland","5154","Other uses (non-food)","S2580","Olive Oil","2018","2018","1000 tonnes","0","I","Imputed value"
"FBS","Food Balances (2010-)","756","Switzerland","5170","Residuals","S2580","Olive Oil","2018","2018","1000 tonnes","0","I","Imputed value"
"FBS","Food Balances (2010-)","756","Switzerland","5142","Food","S2580","Olive Oil","2018","2018","1000 tonnes","15","I","Imputed value"
"FBS","Food Balances (2010-)","756","Switzerland","5511","Production","S2582","Maize Germ Oil","2018","2018","1000 tonnes","1","I","Imputed value"
"FBS","Food Balances (2010-)","756","Switzerland","5611","Import Quantity","S2582","Maize Germ Oil","2018","2018","1000 tonnes","0","I","Imputed value"
"FBS","Food Balances (2010-)","756","Switzerland","5072","Stock Variation","S2582","Maize Germ Oil","2018","2018","1000 tonnes","0","I","Imputed value"
"FBS","Food Balances (2010-)","756","Switzerland","5911","Export Quantity","S2582","Maize Germ Oil","2018","2018","1000 tonnes","0","I","Imputed value"
"FBS","Food Balances (2010-)","756","Switzerland","5131","Processing","S2582","Maize Germ Oil","2018","2018","1000 tonnes","1","I","Imputed value"
"FBS","Food Balances (2010-)","756","Switzerland","5170","Residuals","S2582","Maize Germ Oil","2018","2018","1000 tonnes","0","I","Imputed value"
"FBS","Food Balances (2010-)","756","Switzerland","5511","Production","S2586","Oilcrops Oil, Other","2018","2018","1000 tonnes","37","I","Imputed value"
"FBS","Food Balances (2010-)","756","Switzerland","5611","Import Quantity","S2586","Oilcrops Oil, Other","2018","2018","1000 tonnes","62","I","Imputed value"
"FBS","Food Balances (2010-)","756","Switzerland","5072","Stock Variation","S2586","Oilcrops Oil, Other","2018","2018","1000 tonnes","-1","I","Imputed value"
"FBS","Food Balances (2010-)","756","Switzerland","5911","Export Quantity","S2586","Oilcrops Oil, Other","2018","2018","1000 tonnes","8","I","Imputed value"
"FBS","Food Balances (2010-)","756","Switzerland","5154","Other uses (non-food)","S2586","Oilcrops Oil, Other","2018","2018","1000 tonnes","35","I","Imputed value"
"FBS","Food Balances (2010-)","756","Switzerland","5170","Residuals","S2586","Oilcrops Oil, Other","2018","2018","1000 tonnes","0","I","Imputed value"
"FBS","Food Balances (2010-)","756","Switzerland","5142","Food","S2586","Oilcrops Oil, Other","2018","2018","1000 tonnes","57","I","Imputed value"
"FBS","Food Balances (2010-)","756","Switzerland","5511","Production","S2601","Tomatoes and products","2018","2018","1000 tonnes","43","I","Imputed value"
"FBS","Food Balances (2010-)","756","Switzerland","5611","Import Quantity","S2601","Tomatoes and products","2018","2018","1000 tonnes","83","I","Imputed value"
"FBS","Food Balances (2010-)","756","Switzerland","5072","Stock Variation","S2601","Tomatoes and products","2018","2018","1000 tonnes","0","I","Imputed value"
"FBS","Food Balances (2010-)","756","Switzerland","5911","Export Quantity","S2601","Tomatoes and products","2018","2018","1000 tonnes","1","I","Imputed value"
"FBS","Food Balances (2010-)","756","Switzerland","5123","Losses","S2601","Tomatoes and products","2018","2018","1000 tonnes","2","I","Imputed value"
"FBS","Food Balances (2010-)","756","Switzerland","5170","Residuals","S2601","Tomatoes and products","2018","2018","1000 tonnes","0","I","Imputed value"
"FBS","Food Balances (2010-)","756","Switzerland","5142","Food","S2601","Tomatoes and products","2018","2018","1000 tonnes","124","I","Imputed value"
"FBS","Food Balances (2010-)","756","Switzerland","5511","Production","S2602","Onions","2018","2018","1000 tonnes","38","I","Imputed value"
"FBS","Food Balances (2010-)","756","Switzerland","5611","Import Quantity","S2602","Onions","2018","2018","1000 tonnes","6","I","Imputed value"
"FBS","Food Balances (2010-)","756","Switzerland","5911","Export Quantity","S2602","Onions","2018","2018","1000 tonnes","0","I","Imputed value"
"FBS","Food Balances (2010-)","756","Switzerland","5123","Losses","S2602","Onions","2018","2018","1000 tonnes","0","I","Imputed value"
"FBS","Food Balances (2010-)","756","Switzerland","5170","Residuals","S2602","Onions","2018","2018","1000 tonnes","0","I","Imputed value"
"FBS","Food Balances (2010-)","756","Switzerland","5142","Food","S2602","Onions","2018","2018","1000 tonnes","43","I","Imputed value"
"FBS","Food Balances (2010-)","756","Switzerland","5511","Production","S2605","Vegetables, other","2018","2018","1000 tonnes","344","I","Imputed value"
"FBS","Food Balances (2010-)","756","Switzerland","5611","Import Quantity","S2605","Vegetables, other","2018","2018","1000 tonnes","319","I","Imputed value"
"FBS","Food Balances (2010-)","756","Switzerland","5072","Stock Variation","S2605","Vegetables, other","2018","2018","1000 tonnes","10","I","Imputed value"
"FBS","Food Balances (2010-)","756","Switzerland","5911","Export Quantity","S2605","Vegetables, other","2018","2018","1000 tonnes","6","I","Imputed value"
"FBS","Food Balances (2010-)","756","Switzerland","5521","Feed","S2605","Vegetables, other","2018","2018","1000 tonnes","0","I","Imputed value"
"FBS","Food Balances (2010-)","756","Switzerland","5123","Losses","S2605","Vegetables, other","2018","2018","1000 tonnes","22","I","Imputed value"
"FBS","Food Balances (2010-)","756","Switzerland","5170","Residuals","S2605","Vegetables, other","2018","2018","1000 tonnes","0","I","Imputed value"
"FBS","Food Balances (2010-)","756","Switzerland","5142","Food","S2605","Vegetables, other","2018","2018","1000 tonnes","624","I","Imputed value"
"FBS","Food Balances (2010-)","756","Switzerland","5511","Production","S2611","Oranges, Mandarines","2018","2018","1000 tonnes","0","I","Imputed value"
"FBS","Food Balances (2010-)","756","Switzerland","5611","Import Quantity","S2611","Oranges, Mandarines","2018","2018","1000 tonnes","144","I","Imputed value"
"FBS","Food Balances (2010-)","756","Switzerland","5072","Stock Variation","S2611","Oranges, Mandarines","2018","2018","1000 tonnes","0","I","Imputed value"
"FBS","Food Balances (2010-)","756","Switzerland","5911","Export Quantity","S2611","Oranges, Mandarines","2018","2018","1000 tonnes","2","I","Imputed value"
"FBS","Food Balances (2010-)","756","Switzerland","5123","Losses","S2611","Oranges, Mandarines","2018","2018","1000 tonnes","3","I","Imputed value"
"FBS","Food Balances (2010-)","756","Switzerland","5131","Processing","S2611","Oranges, Mandarines","2018","2018","1000 tonnes","3","I","Imputed value"
"FBS","Food Balances (2010-)","756","Switzerland","5170","Residuals","S2611","Oranges, Mandarines","2018","2018","1000 tonnes","0","I","Imputed value"
"FBS","Food Balances (2010-)","756","Switzerland","5142","Food","S2611","Oranges, Mandarines","2018","2018","1000 tonnes","137","I","Imputed value"
"FBS","Food Balances (2010-)","756","Switzerland","5611","Import Quantity","S2612","Lemons, Limes and products","2018","2018","1000 tonnes","27","I","Imputed value"
"FBS","Food Balances (2010-)","756","Switzerland","5911","Export Quantity","S2612","Lemons, Limes and products","2018","2018","1000 tonnes","0","I","Imputed value"
"FBS","Food Balances (2010-)","756","Switzerland","5123","Losses","S2612","Lemons, Limes and products","2018","2018","1000 tonnes","0","I","Imputed value"
"FBS","Food Balances (2010-)","756","Switzerland","5131","Processing","S2612","Lemons, Limes and products","2018","2018","1000 tonnes","11","I","Imputed value"
"FBS","Food Balances (2010-)","756","Switzerland","5170","Residuals","S2612","Lemons, Limes and products","2018","2018","1000 tonnes","0","I","Imputed value"
"FBS","Food Balances (2010-)","756","Switzerland","5142","Food","S2612","Lemons, Limes and products","2018","2018","1000 tonnes","16","I","Imputed value"
"FBS","Food Balances (2010-)","756","Switzerland","5611","Import Quantity","S2613","Grapefruit and products","2018","2018","1000 tonnes","9","I","Imputed value"
"FBS","Food Balances (2010-)","756","Switzerland","5072","Stock Variation","S2613","Grapefruit and products","2018","2018","1000 tonnes","0","I","Imputed value"
"FBS","Food Balances (2010-)","756","Switzerland","5911","Export Quantity","S2613","Grapefruit and products","2018","2018","1000 tonnes","0","I","Imputed value"
"FBS","Food Balances (2010-)","756","Switzerland","5123","Losses","S2613","Grapefruit and products","2018","2018","1000 tonnes","0","I","Imputed value"
"FBS","Food Balances (2010-)","756","Switzerland","5131","Processing","S2613","Grapefruit and products","2018","2018","1000 tonnes","0","I","Imputed value"
"FBS","Food Balances (2010-)","756","Switzerland","5170","Residuals","S2613","Grapefruit and products","2018","2018","1000 tonnes","0","I","Imputed value"
"FBS","Food Balances (2010-)","756","Switzerland","5142","Food","S2613","Grapefruit and products","2018","2018","1000 tonnes","9","I","Imputed value"
"FBS","Food Balances (2010-)","756","Switzerland","5511","Production","S2614","Citrus, Other","2018","2018","1000 tonnes","3","I","Imputed value"
"FBS","Food Balances (2010-)","756","Switzerland","5611","Import Quantity","S2614","Citrus, Other","2018","2018","1000 tonnes","5","I","Imputed value"
"FBS","Food Balances (2010-)","756","Switzerland","5072","Stock Variation","S2614","Citrus, Other","2018","2018","1000 tonnes","3","I","Imputed value"
"FBS","Food Balances (2010-)","756","Switzerland","5911","Export Quantity","S2614","Citrus, Other","2018","2018","1000 tonnes","2","I","Imputed value"
"FBS","Food Balances (2010-)","756","Switzerland","5170","Residuals","S2614","Citrus, Other","2018","2018","1000 tonnes","0","I","Imputed value"
"FBS","Food Balances (2010-)","756","Switzerland","5142","Food","S2614","Citrus, Other","2018","2018","1000 tonnes","4","I","Imputed value"
"FBS","Food Balances (2010-)","756","Switzerland","5611","Import Quantity","S2615","Bananas","2018","2018","1000 tonnes","95","I","Imputed value"
"FBS","Food Balances (2010-)","756","Switzerland","5911","Export Quantity","S2615","Bananas","2018","2018","1000 tonnes","0","I","Imputed value"
"FBS","Food Balances (2010-)","756","Switzerland","5123","Losses","S2615","Bananas","2018","2018","1000 tonnes","1","I","Imputed value"
"FBS","Food Balances (2010-)","756","Switzerland","5170","Residuals","S2615","Bananas","2018","2018","1000 tonnes","0","I","Imputed value"
"FBS","Food Balances (2010-)","756","Switzerland","5142","Food","S2615","Bananas","2018","2018","1000 tonnes","94","I","Imputed value"
"FBS","Food Balances (2010-)","756","Switzerland","5611","Import Quantity","S2616","Plantains","2018","2018","1000 tonnes","2","I","Imputed value"
"FBS","Food Balances (2010-)","756","Switzerland","5170","Residuals","S2616","Plantains","2018","2018","1000 tonnes","0","I","Imputed value"
"FBS","Food Balances (2010-)","756","Switzerland","5142","Food","S2616","Plantains","2018","2018","1000 tonnes","2","I","Imputed value"
"FBS","Food Balances (2010-)","756","Switzerland","5511","Production","S2617","Apples and products","2018","2018","1000 tonnes","222","I","Imputed value"
"FBS","Food Balances (2010-)","756","Switzerland","5611","Import Quantity","S2617","Apples and products","2018","2018","1000 tonnes","32","I","Imputed value"
"FBS","Food Balances (2010-)","756","Switzerland","5072","Stock Variation","S2617","Apples and products","2018","2018","1000 tonnes","4","I","Imputed value"
"FBS","Food Balances (2010-)","756","Switzerland","5911","Export Quantity","S2617","Apples and products","2018","2018","1000 tonnes","8","I","Imputed value"
"FBS","Food Balances (2010-)","756","Switzerland","5123","Losses","S2617","Apples and products","2018","2018","1000 tonnes","15","I","Imputed value"
"FBS","Food Balances (2010-)","756","Switzerland","5131","Processing","S2617","Apples and products","2018","2018","1000 tonnes","79","I","Imputed value"
"FBS","Food Balances (2010-)","756","Switzerland","5170","Residuals","S2617","Apples and products","2018","2018","1000 tonnes","0","I","Imputed value"
"FBS","Food Balances (2010-)","756","Switzerland","5142","Food","S2617","Apples and products","2018","2018","1000 tonnes","149","I","Imputed value"
"FBS","Food Balances (2010-)","756","Switzerland","5511","Production","S2618","Pineapples and products","2018","2018","1000 tonnes","0","I","Imputed value"
"FBS","Food Balances (2010-)","756","Switzerland","5611","Import Quantity","S2618","Pineapples and products","2018","2018","1000 tonnes","28","I","Imputed value"
"FBS","Food Balances (2010-)","756","Switzerland","5072","Stock Variation","S2618","Pineapples and products","2018","2018","1000 tonnes","0","I","Imputed value"
"FBS","Food Balances (2010-)","756","Switzerland","5911","Export Quantity","S2618","Pineapples and products","2018","2018","1000 tonnes","0","I","Imputed value"
"FBS","Food Balances (2010-)","756","Switzerland","5123","Losses","S2618","Pineapples and products","2018","2018","1000 tonnes","1","I","Imputed value"
"FBS","Food Balances (2010-)","756","Switzerland","5131","Processing","S2618","Pineapples and products","2018","2018","1000 tonnes","10","I","Imputed value"
"FBS","Food Balances (2010-)","756","Switzerland","5170","Residuals","S2618","Pineapples and products","2018","2018","1000 tonnes","0","I","Imputed value"
"FBS","Food Balances (2010-)","756","Switzerland","5142","Food","S2618","Pineapples and products","2018","2018","1000 tonnes","17","I","Imputed value"
"FBS","Food Balances (2010-)","756","Switzerland","5611","Import Quantity","S2619","Dates","2018","2018","1000 tonnes","2","I","Imputed value"
"FBS","Food Balances (2010-)","756","Switzerland","5911","Export Quantity","S2619","Dates","2018","2018","1000 tonnes","0","I","Imputed value"
"FBS","Food Balances (2010-)","756","Switzerland","5123","Losses","S2619","Dates","2018","2018","1000 tonnes","0","I","Imputed value"
"FBS","Food Balances (2010-)","756","Switzerland","5170","Residuals","S2619","Dates","2018","2018","1000 tonnes","0","I","Imputed value"
"FBS","Food Balances (2010-)","756","Switzerland","5142","Food","S2619","Dates","2018","2018","1000 tonnes","2","I","Imputed value"
"FBS","Food Balances (2010-)","756","Switzerland","5511","Production","S2620","Grapes and products (excl wine)","2018","2018","1000 tonnes","141","I","Imputed value"
"FBS","Food Balances (2010-)","756","Switzerland","5611","Import Quantity","S2620","Grapes and products (excl wine)","2018","2018","1000 tonnes","42","I","Imputed value"
"FBS","Food Balances (2010-)","756","Switzerland","5072","Stock Variation","S2620","Grapes and products (excl wine)","2018","2018","1000 tonnes","0","I","Imputed value"
"FBS","Food Balances (2010-)","756","Switzerland","5911","Export Quantity","S2620","Grapes and products (excl wine)","2018","2018","1000 tonnes","0","I","Imputed value"
"FBS","Food Balances (2010-)","756","Switzerland","5123","Losses","S2620","Grapes and products (excl wine)","2018","2018","1000 tonnes","7","I","Imputed value"
"FBS","Food Balances (2010-)","756","Switzerland","5131","Processing","S2620","Grapes and products (excl wine)","2018","2018","1000 tonnes","143","I","Imputed value"
"FBS","Food Balances (2010-)","756","Switzerland","5170","Residuals","S2620","Grapes and products (excl wine)","2018","2018","1000 tonnes","0","I","Imputed value"
"FBS","Food Balances (2010-)","756","Switzerland","5142","Food","S2620","Grapes and products (excl wine)","2018","2018","1000 tonnes","33","I","Imputed value"
"FBS","Food Balances (2010-)","756","Switzerland","5511","Production","S2625","Fruits, other","2018","2018","1000 tonnes","73","I","Imputed value"
"FBS","Food Balances (2010-)","756","Switzerland","5611","Import Quantity","S2625","Fruits, other","2018","2018","1000 tonnes","205","I","Imputed value"
"FBS","Food Balances (2010-)","756","Switzerland","5072","Stock Variation","S2625","Fruits, other","2018","2018","1000 tonnes","0","I","Imputed value"
"FBS","Food Balances (2010-)","756","Switzerland","5911","Export Quantity","S2625","Fruits, other","2018","2018","1000 tonnes","10","I","Imputed value"
"FBS","Food Balances (2010-)","756","Switzerland","5123","Losses","S2625","Fruits, other","2018","2018","1000 tonnes","7","I","Imputed value"
"FBS","Food Balances (2010-)","756","Switzerland","5131","Processing","S2625","Fruits, other","2018","2018","1000 tonnes","9","I","Imputed value"
"FBS","Food Balances (2010-)","756","Switzerland","5170","Residuals","S2625","Fruits, other","2018","2018","1000 tonnes","0","I","Imputed value"
"FBS","Food Balances (2010-)","756","Switzerland","5142","Food","S2625","Fruits, other","2018","2018","1000 tonnes","252","I","Imputed value"
"FBS","Food Balances (2010-)","756","Switzerland","5511","Production","S2630","Coffee and products","2018","2018","1000 tonnes","0","I","Imputed value"
"FBS","Food Balances (2010-)","756","Switzerland","5611","Import Quantity","S2630","Coffee and products","2018","2018","1000 tonnes","191","I","Imputed value"
"FBS","Food Balances (2010-)","756","Switzerland","5072","Stock Variation","S2630","Coffee and products","2018","2018","1000 tonnes","-5","I","Imputed value"
"FBS","Food Balances (2010-)","756","Switzerland","5911","Export Quantity","S2630","Coffee and products","2018","2018","1000 tonnes","130","I","Imputed value"
"FBS","Food Balances (2010-)","756","Switzerland","5170","Residuals","S2630","Coffee and products","2018","2018","1000 tonnes","0","I","Imputed value"
"FBS","Food Balances (2010-)","756","Switzerland","5142","Food","S2630","Coffee and products","2018","2018","1000 tonnes","65","I","Imputed value"
"FBS","Food Balances (2010-)","756","Switzerland","5511","Production","S2633","Cocoa Beans and products","2018","2018","1000 tonnes","0","I","Imputed value"
"FBS","Food Balances (2010-)","756","Switzerland","5611","Import Quantity","S2633","Cocoa Beans and products","2018","2018","1000 tonnes","58","I","Imputed value"
"FBS","Food Balances (2010-)","756","Switzerland","5072","Stock Variation","S2633","Cocoa Beans and products","2018","2018","1000 tonnes","0","I","Imputed value"
"FBS","Food Balances (2010-)","756","Switzerland","5911","Export Quantity","S2633","Cocoa Beans and products","2018","2018","1000 tonnes","20","I","Imputed value"
"FBS","Food Balances (2010-)","756","Switzerland","5131","Processing","S2633","Cocoa Beans and products","2018","2018","1000 tonnes","38","I","Imputed value"
"FBS","Food Balances (2010-)","756","Switzerland","5170","Residuals","S2633","Cocoa Beans and products","2018","2018","1000 tonnes","0","I","Imputed value"
"FBS","Food Balances (2010-)","756","Switzerland","5142","Food","S2633","Cocoa Beans and products","2018","2018","1000 tonnes","0","I","Imputed value"
"FBS","Food Balances (2010-)","756","Switzerland","5611","Import Quantity","S2635","Tea (including mate)","2018","2018","1000 tonnes","8","I","Imputed value"
"FBS","Food Balances (2010-)","756","Switzerland","5072","Stock Variation","S2635","Tea (including mate)","2018","2018","1000 tonnes","0","I","Imputed value"
"FBS","Food Balances (2010-)","756","Switzerland","5911","Export Quantity","S2635","Tea (including mate)","2018","2018","1000 tonnes","6","I","Imputed value"
"FBS","Food Balances (2010-)","756","Switzerland","5170","Residuals","S2635","Tea (including mate)","2018","2018","1000 tonnes","0","I","Imputed value"
"FBS","Food Balances (2010-)","756","Switzerland","5142","Food","S2635","Tea (including mate)","2018","2018","1000 tonnes","2","I","Imputed value"
"FBS","Food Balances (2010-)","756","Switzerland","5611","Import Quantity","S2640","Pepper","2018","2018","1000 tonnes","1","I","Imputed value"
"FBS","Food Balances (2010-)","756","Switzerland","5072","Stock Variation","S2640","Pepper","2018","2018","1000 tonnes","0","I","Imputed value"
"FBS","Food Balances (2010-)","756","Switzerland","5911","Export Quantity","S2640","Pepper","2018","2018","1000 tonnes","0","I","Imputed value"
"FBS","Food Balances (2010-)","756","Switzerland","5170","Residuals","S2640","Pepper","2018","2018","1000 tonnes","0","I","Imputed value"
"FBS","Food Balances (2010-)","756","Switzerland","5142","Food","S2640","Pepper","2018","2018","1000 tonnes","1","I","Imputed value"
"FBS","Food Balances (2010-)","756","Switzerland","5611","Import Quantity","S2641","Pimento","2018","2018","1000 tonnes","2","I","Imputed value"
"FBS","Food Balances (2010-)","756","Switzerland","5072","Stock Variation","S2641","Pimento","2018","2018","1000 tonnes","0","I","Imputed value"
"FBS","Food Balances (2010-)","756","Switzerland","5911","Export Quantity","S2641","Pimento","2018","2018","1000 tonnes","0","I","Imputed value"
"FBS","Food Balances (2010-)","756","Switzerland","5170","Residuals","S2641","Pimento","2018","2018","1000 tonnes","0","I","Imputed value"
"FBS","Food Balances (2010-)","756","Switzerland","5142","Food","S2641","Pimento","2018","2018","1000 tonnes","2","I","Imputed value"
"FBS","Food Balances (2010-)","756","Switzerland","5611","Import Quantity","S2642","Cloves","2018","2018","1000 tonnes","0","I","Imputed value"
"FBS","Food Balances (2010-)","756","Switzerland","5072","Stock Variation","S2642","Cloves","2018","2018","1000 tonnes","0","I","Imputed value"
"FBS","Food Balances (2010-)","756","Switzerland","5911","Export Quantity","S2642","Cloves","2018","2018","1000 tonnes","0","I","Imputed value"
"FBS","Food Balances (2010-)","756","Switzerland","5170","Residuals","S2642","Cloves","2018","2018","1000 tonnes","0","I","Imputed value"
"FBS","Food Balances (2010-)","756","Switzerland","5142","Food","S2642","Cloves","2018","2018","1000 tonnes","0","I","Imputed value"
"FBS","Food Balances (2010-)","756","Switzerland","5611","Import Quantity","S2645","Spices, Other","2018","2018","1000 tonnes","5","I","Imputed value"
"FBS","Food Balances (2010-)","756","Switzerland","5072","Stock Variation","S2645","Spices, Other","2018","2018","1000 tonnes","1","I","Imputed value"
"FBS","Food Balances (2010-)","756","Switzerland","5911","Export Quantity","S2645","Spices, Other","2018","2018","1000 tonnes","0","I","Imputed value"
"FBS","Food Balances (2010-)","756","Switzerland","5170","Residuals","S2645","Spices, Other","2018","2018","1000 tonnes","0","I","Imputed value"
"FBS","Food Balances (2010-)","756","Switzerland","5142","Food","S2645","Spices, Other","2018","2018","1000 tonnes","4","I","Imputed value"
"FBS","Food Balances (2010-)","756","Switzerland","5511","Production","S2655","Wine","2018","2018","1000 tonnes","111","I","Imputed value"
"FBS","Food Balances (2010-)","756","Switzerland","5611","Import Quantity","S2655","Wine","2018","2018","1000 tonnes","180","I","Imputed value"
"FBS","Food Balances (2010-)","756","Switzerland","5072","Stock Variation","S2655","Wine","2018","2018","1000 tonnes","0","I","Imputed value"
"FBS","Food Balances (2010-)","756","Switzerland","5911","Export Quantity","S2655","Wine","2018","2018","1000 tonnes","1","I","Imputed value"
"FBS","Food Balances (2010-)","756","Switzerland","5154","Other uses (non-food)","S2655","Wine","2018","2018","1000 tonnes","0","I","Imputed value"
"FBS","Food Balances (2010-)","756","Switzerland","5170","Residuals","S2655","Wine","2018","2018","1000 tonnes","0","I","Imputed value"
"FBS","Food Balances (2010-)","756","Switzerland","5142","Food","S2655","Wine","2018","2018","1000 tonnes","290","I","Imputed value"
"FBS","Food Balances (2010-)","756","Switzerland","5511","Production","S2656","Beer","2018","2018","1000 tonnes","360","I","Imputed value"
"FBS","Food Balances (2010-)","756","Switzerland","5611","Import Quantity","S2656","Beer","2018","2018","1000 tonnes","106","I","Imputed value"
"FBS","Food Balances (2010-)","756","Switzerland","5072","Stock Variation","S2656","Beer","2018","2018","1000 tonnes","-22","I","Imputed value"
"FBS","Food Balances (2010-)","756","Switzerland","5911","Export Quantity","S2656","Beer","2018","2018","1000 tonnes","4","I","Imputed value"
"FBS","Food Balances (2010-)","756","Switzerland","5170","Residuals","S2656","Beer","2018","2018","1000 tonnes","0","I","Imputed value"
"FBS","Food Balances (2010-)","756","Switzerland","5142","Food","S2656","Beer","2018","2018","1000 tonnes","484","I","Imputed value"
"FBS","Food Balances (2010-)","756","Switzerland","5511","Production","S2657","Beverages, Fermented","2018","2018","1000 tonnes","11","I","Imputed value"
"FBS","Food Balances (2010-)","756","Switzerland","5611","Import Quantity","S2657","Beverages, Fermented","2018","2018","1000 tonnes","6","I","Imputed value"
"FBS","Food Balances (2010-)","756","Switzerland","5072","Stock Variation","S2657","Beverages, Fermented","2018","2018","1000 tonnes","-1","I","Imputed value"
"FBS","Food Balances (2010-)","756","Switzerland","5911","Export Quantity","S2657","Beverages, Fermented","2018","2018","1000 tonnes","1","I","Imputed value"
"FBS","Food Balances (2010-)","756","Switzerland","5170","Residuals","S2657","Beverages, Fermented","2018","2018","1000 tonnes","0","I","Imputed value"
"FBS","Food Balances (2010-)","756","Switzerland","5142","Food","S2657","Beverages, Fermented","2018","2018","1000 tonnes","17","I","Imputed value"
"FBS","Food Balances (2010-)","756","Switzerland","5511","Production","S2658","Beverages, Alcoholic","2018","2018","1000 tonnes","1","I","Imputed value"
"FBS","Food Balances (2010-)","756","Switzerland","5611","Import Quantity","S2658","Beverages, Alcoholic","2018","2018","1000 tonnes","20","I","Imputed value"
"FBS","Food Balances (2010-)","756","Switzerland","5072","Stock Variation","S2658","Beverages, Alcoholic","2018","2018","1000 tonnes","0","I","Imputed value"
"FBS","Food Balances (2010-)","756","Switzerland","5911","Export Quantity","S2658","Beverages, Alcoholic","2018","2018","1000 tonnes","1","I","Imputed value"
"FBS","Food Balances (2010-)","756","Switzerland","5170","Residuals","S2658","Beverages, Alcoholic","2018","2018","1000 tonnes","0","I","Imputed value"
"FBS","Food Balances (2010-)","756","Switzerland","5142","Food","S2658","Beverages, Alcoholic","2018","2018","1000 tonnes","21","I","Imputed value"
"FBS","Food Balances (2010-)","756","Switzerland","5611","Import Quantity","S2659","Alcohol, Non-Food","2018","2018","1000 tonnes","77","I","Imputed value"
"FBS","Food Balances (2010-)","756","Switzerland","5072","Stock Variation","S2659","Alcohol, Non-Food","2018","2018","1000 tonnes","0","I","Imputed value"
"FBS","Food Balances (2010-)","756","Switzerland","5911","Export Quantity","S2659","Alcohol, Non-Food","2018","2018","1000 tonnes","1","I","Imputed value"
"FBS","Food Balances (2010-)","756","Switzerland","5154","Other uses (non-food)","S2659","Alcohol, Non-Food","2018","2018","1000 tonnes","76","I","Imputed value"
"FBS","Food Balances (2010-)","756","Switzerland","5170","Residuals","S2659","Alcohol, Non-Food","2018","2018","1000 tonnes","0","I","Imputed value"
"FBS","Food Balances (2010-)","756","Switzerland","5511","Production","S2731","Bovine Meat","2018","2018","1000 tonnes","148","I","Imputed value"
"FBS","Food Balances (2010-)","756","Switzerland","5611","Import Quantity","S2731","Bovine Meat","2018","2018","1000 tonnes","28","I","Imputed value"
"FBS","Food Balances (2010-)","756","Switzerland","5072","Stock Variation","S2731","Bovine Meat","2018","2018","1000 tonnes","-6","I","Imputed value"
"FBS","Food Balances (2010-)","756","Switzerland","5911","Export Quantity","S2731","Bovine Meat","2018","2018","1000 tonnes","4","I","Imputed value"
"FBS","Food Balances (2010-)","756","Switzerland","5123","Losses","S2731","Bovine Meat","2018","2018","1000 tonnes","0","I","Imputed value"
"FBS","Food Balances (2010-)","756","Switzerland","5131","Processing","S2731","Bovine Meat","2018","2018","1000 tonnes","0","I","Imputed value"
"FBS","Food Balances (2010-)","756","Switzerland","5170","Residuals","S2731","Bovine Meat","2018","2018","1000 tonnes","0","I","Imputed value"
"FBS","Food Balances (2010-)","756","Switzerland","5142","Food","S2731","Bovine Meat","2018","2018","1000 tonnes","178","I","Imputed value"
"FBS","Food Balances (2010-)","756","Switzerland","5511","Production","S2732","Mutton & Goat Meat","2018","2018","1000 tonnes","6","I","Imputed value"
"FBS","Food Balances (2010-)","756","Switzerland","5611","Import Quantity","S2732","Mutton & Goat Meat","2018","2018","1000 tonnes","6","I","Imputed value"
"FBS","Food Balances (2010-)","756","Switzerland","5072","Stock Variation","S2732","Mutton & Goat Meat","2018","2018","1000 tonnes","0","I","Imputed value"
"FBS","Food Balances (2010-)","756","Switzerland","5911","Export Quantity","S2732","Mutton & Goat Meat","2018","2018","1000 tonnes","0","I","Imputed value"
"FBS","Food Balances (2010-)","756","Switzerland","5123","Losses","S2732","Mutton & Goat Meat","2018","2018","1000 tonnes","0","I","Imputed value"
"FBS","Food Balances (2010-)","756","Switzerland","5170","Residuals","S2732","Mutton & Goat Meat","2018","2018","1000 tonnes","0","I","Imputed value"
"FBS","Food Balances (2010-)","756","Switzerland","5142","Food","S2732","Mutton & Goat Meat","2018","2018","1000 tonnes","13","I","Imputed value"
"FBS","Food Balances (2010-)","756","Switzerland","5511","Production","S2733","Pigmeat","2018","2018","1000 tonnes","231","I","Imputed value"
"FBS","Food Balances (2010-)","756","Switzerland","5611","Import Quantity","S2733","Pigmeat","2018","2018","1000 tonnes","11","I","Imputed value"
"FBS","Food Balances (2010-)","756","Switzerland","5072","Stock Variation","S2733","Pigmeat","2018","2018","1000 tonnes","0","I","Imputed value"
"FBS","Food Balances (2010-)","756","Switzerland","5911","Export Quantity","S2733","Pigmeat","2018","2018","1000 tonnes","2","I","Imputed value"
"FBS","Food Balances (2010-)","756","Switzerland","5123","Losses","S2733","Pigmeat","2018","2018","1000 tonnes","0","I","Imputed value"
"FBS","Food Balances (2010-)","756","Switzerland","5131","Processing","S2733","Pigmeat","2018","2018","1000 tonnes","0","I","Imputed value"
"FBS","Food Balances (2010-)","756","Switzerland","5170","Residuals","S2733","Pigmeat","2018","2018","1000 tonnes","0","I","Imputed value"
"FBS","Food Balances (2010-)","756","Switzerland","5142","Food","S2733","Pigmeat","2018","2018","1000 tonnes","241","I","Imputed value"
"FBS","Food Balances (2010-)","756","Switzerland","5511","Production","S2734","Poultry Meat","2018","2018","1000 tonnes","97","I","Imputed value"
"FBS","Food Balances (2010-)","756","Switzerland","5611","Import Quantity","S2734","Poultry Meat","2018","2018","1000 tonnes","45","I","Imputed value"
"FBS","Food Balances (2010-)","756","Switzerland","5072","Stock Variation","S2734","Poultry Meat","2018","2018","1000 tonnes","-9","I","Imputed value"
"FBS","Food Balances (2010-)","756","Switzerland","5911","Export Quantity","S2734","Poultry Meat","2018","2018","1000 tonnes","2","I","Imputed value"
"FBS","Food Balances (2010-)","756","Switzerland","5123","Losses","S2734","Poultry Meat","2018","2018","1000 tonnes","0","I","Imputed value"
"FBS","Food Balances (2010-)","756","Switzerland","5170","Residuals","S2734","Poultry Meat","2018","2018","1000 tonnes","0","I","Imputed value"
"FBS","Food Balances (2010-)","756","Switzerland","5142","Food","S2734","Poultry Meat","2018","2018","1000 tonnes","149","I","Imputed value"
"FBS","Food Balances (2010-)","756","Switzerland","5511","Production","S2735","Meat, Other","2018","2018","1000 tonnes","3","I","Imputed value"
"FBS","Food Balances (2010-)","756","Switzerland","5611","Import Quantity","S2735","Meat, Other","2018","2018","1000 tonnes","7","I","Imputed value"
"FBS","Food Balances (2010-)","756","Switzerland","5072","Stock Variation","S2735","Meat, Other","2018","2018","1000 tonnes","-1","I","Imputed value"
"FBS","Food Balances (2010-)","756","Switzerland","5911","Export Quantity","S2735","Meat, Other","2018","2018","1000 tonnes","0","I","Imputed value"
"FBS","Food Balances (2010-)","756","Switzerland","5123","Losses","S2735","Meat, Other","2018","2018","1000 tonnes","0","I","Imputed value"
"FBS","Food Balances (2010-)","756","Switzerland","5170","Residuals","S2735","Meat, Other","2018","2018","1000 tonnes","0","I","Imputed value"
"FBS","Food Balances (2010-)","756","Switzerland","5142","Food","S2735","Meat, Other","2018","2018","1000 tonnes","11","I","Imputed value"
"FBS","Food Balances (2010-)","756","Switzerland","5511","Production","S2736","Offals, Edible","2018","2018","1000 tonnes","33","I","Imputed value"
"FBS","Food Balances (2010-)","756","Switzerland","5611","Import Quantity","S2736","Offals, Edible","2018","2018","1000 tonnes","8","I","Imputed value"
"FBS","Food Balances (2010-)","756","Switzerland","5911","Export Quantity","S2736","Offals, Edible","2018","2018","1000 tonnes","19","I","Imputed value"
"FBS","Food Balances (2010-)","756","Switzerland","5123","Losses","S2736","Offals, Edible","2018","2018","1000 tonnes","2","I","Imputed value"
"FBS","Food Balances (2010-)","756","Switzerland","5170","Residuals","S2736","Offals, Edible","2018","2018","1000 tonnes","0","I","Imputed value"
"FBS","Food Balances (2010-)","756","Switzerland","5142","Food","S2736","Offals, Edible","2018","2018","1000 tonnes","20","I","Imputed value"
"FBS","Food Balances (2010-)","756","Switzerland","5511","Production","S2740","Butter, Ghee","2018","2018","1000 tonnes","44","I","Imputed value"
"FBS","Food Balances (2010-)","756","Switzerland","5611","Import Quantity","S2740","Butter, Ghee","2018","2018","1000 tonnes","0","I","Imputed value"
"FBS","Food Balances (2010-)","756","Switzerland","5072","Stock Variation","S2740","Butter, Ghee","2018","2018","1000 tonnes","0","I","Imputed value"
"FBS","Food Balances (2010-)","756","Switzerland","5911","Export Quantity","S2740","Butter, Ghee","2018","2018","1000 tonnes","1","I","Imputed value"
"FBS","Food Balances (2010-)","756","Switzerland","5521","Feed","S2740","Butter, Ghee","2018","2018","1000 tonnes","0","I","Imputed value"
"FBS","Food Balances (2010-)","756","Switzerland","5170","Residuals","S2740","Butter, Ghee","2018","2018","1000 tonnes","0","I","Imputed value"
"FBS","Food Balances (2010-)","756","Switzerland","5142","Food","S2740","Butter, Ghee","2018","2018","1000 tonnes","44","I","Imputed value"
"FBS","Food Balances (2010-)","756","Switzerland","5511","Production","S2743","Cream","2018","2018","1000 tonnes","37","I","Imputed value"
"FBS","Food Balances (2010-)","756","Switzerland","5611","Import Quantity","S2743","Cream","2018","2018","1000 tonnes","1","I","Imputed value"
"FBS","Food Balances (2010-)","756","Switzerland","5911","Export Quantity","S2743","Cream","2018","2018","1000 tonnes","1","I","Imputed value"
"FBS","Food Balances (2010-)","756","Switzerland","5131","Processing","S2743","Cream","2018","2018","1000 tonnes","37","I","Imputed value"
"FBS","Food Balances (2010-)","756","Switzerland","5170","Residuals","S2743","Cream","2018","2018","1000 tonnes","0","I","Imputed value"
"FBS","Food Balances (2010-)","756","Switzerland","5142","Food","S2743","Cream","2018","2018","1000 tonnes","1","I","Imputed value"
"FBS","Food Balances (2010-)","756","Switzerland","5511","Production","S2737","Fats, Animals, Raw","2018","2018","1000 tonnes","26","I","Imputed value"
"FBS","Food Balances (2010-)","756","Switzerland","5611","Import Quantity","S2737","Fats, Animals, Raw","2018","2018","1000 tonnes","13","I","Imputed value"
"FBS","Food Balances (2010-)","756","Switzerland","5072","Stock Variation","S2737","Fats, Animals, Raw","2018","2018","1000 tonnes","0","I","Imputed value"
"FBS","Food Balances (2010-)","756","Switzerland","5911","Export Quantity","S2737","Fats, Animals, Raw","2018","2018","1000 tonnes","7","I","Imputed value"
"FBS","Food Balances (2010-)","756","Switzerland","5123","Losses","S2737","Fats, Animals, Raw","2018","2018","1000 tonnes","2","I","Imputed value"
"FBS","Food Balances (2010-)","756","Switzerland","5154","Other uses (non-food)","S2737","Fats, Animals, Raw","2018","2018","1000 tonnes","0","I","Imputed value"
"FBS","Food Balances (2010-)","756","Switzerland","5170","Residuals","S2737","Fats, Animals, Raw","2018","2018","1000 tonnes","-2","I","Imputed value"
"FBS","Food Balances (2010-)","756","Switzerland","5142","Food","S2737","Fats, Animals, Raw","2018","2018","1000 tonnes","31","I","Imputed value"
"FBS","Food Balances (2010-)","756","Switzerland","5611","Import Quantity","S2781","Fish, Body Oil","2018","2018","1000 tonnes","0.99","I","Imputed value"
"FBS","Food Balances (2010-)","756","Switzerland","5911","Export Quantity","S2781","Fish, Body Oil","2018","2018","1000 tonnes","0.64","I","Imputed value"
"FBS","Food Balances (2010-)","756","Switzerland","5521","Feed","S2781","Fish, Body Oil","2018","2018","1000 tonnes","0.35","I","Imputed value"
"FBS","Food Balances (2010-)","756","Switzerland","5154","Other uses (non-food)","S2781","Fish, Body Oil","2018","2018","1000 tonnes","0","I","Imputed value"
"FBS","Food Balances (2010-)","756","Switzerland","5142","Food","S2781","Fish, Body Oil","2018","2018","1000 tonnes","0","I","Imputed value"
"FBS","Food Balances (2010-)","756","Switzerland","5611","Import Quantity","S2782","Fish, Liver Oil","2018","2018","1000 tonnes","0.26","I","Imputed value"
"FBS","Food Balances (2010-)","756","Switzerland","5911","Export Quantity","S2782","Fish, Liver Oil","2018","2018","1000 tonnes","0","I","Imputed value"
"FBS","Food Balances (2010-)","756","Switzerland","5521","Feed","S2782","Fish, Liver Oil","2018","2018","1000 tonnes","0","I","Imputed value"
"FBS","Food Balances (2010-)","756","Switzerland","5154","Other uses (non-food)","S2782","Fish, Liver Oil","2018","2018","1000 tonnes","0.26","I","Imputed value"
"FBS","Food Balances (2010-)","756","Switzerland","5142","Food","S2782","Fish, Liver Oil","2018","2018","1000 tonnes","0","I","Imputed value"
"FBS","Food Balances (2010-)","756","Switzerland","5511","Production","S2744","Eggs","2018","2018","1000 tonnes","61","I","Imputed value"
"FBS","Food Balances (2010-)","756","Switzerland","5611","Import Quantity","S2744","Eggs","2018","2018","1000 tonnes","36","I","Imputed value"
"FBS","Food Balances (2010-)","756","Switzerland","5072","Stock Variation","S2744","Eggs","2018","2018","1000 tonnes","0","I","Imputed value"
"FBS","Food Balances (2010-)","756","Switzerland","5911","Export Quantity","S2744","Eggs","2018","2018","1000 tonnes","0","I","Imputed value"
"FBS","Food Balances (2010-)","756","Switzerland","5123","Losses","S2744","Eggs","2018","2018","1000 tonnes","5","I","Imputed value"
"FBS","Food Balances (2010-)","756","Switzerland","5154","Other uses (non-food)","S2744","Eggs","2018","2018","1000 tonnes","0","I","Imputed value"
"FBS","Food Balances (2010-)","756","Switzerland","5170","Residuals","S2744","Eggs","2018","2018","1000 tonnes","0","I","Imputed value"
"FBS","Food Balances (2010-)","756","Switzerland","5142","Food","S2744","Eggs","2018","2018","1000 tonnes","86","I","Imputed value"
"FBS","Food Balances (2010-)","756","Switzerland","5511","Production","S2848","Milk - Excluding Butter","2018","2018","1000 tonnes","3978","I","Imputed value"
"FBS","Food Balances (2010-)","756","Switzerland","5611","Import Quantity","S2848","Milk - Excluding Butter","2018","2018","1000 tonnes","521","I","Imputed value"
"FBS","Food Balances (2010-)","756","Switzerland","5072","Stock Variation","S2848","Milk - Excluding Butter","2018","2018","1000 tonnes","1","I","Imputed value"
"FBS","Food Balances (2010-)","756","Switzerland","5911","Export Quantity","S2848","Milk - Excluding Butter","2018","2018","1000 tonnes","558","I","Imputed value"
"FBS","Food Balances (2010-)","756","Switzerland","5521","Feed","S2848","Milk - Excluding Butter","2018","2018","1000 tonnes","684","I","Imputed value"
"FBS","Food Balances (2010-)","756","Switzerland","5123","Losses","S2848","Milk - Excluding Butter","2018","2018","1000 tonnes","0","I","Imputed value"
"FBS","Food Balances (2010-)","756","Switzerland","5131","Processing","S2848","Milk - Excluding Butter","2018","2018","1000 tonnes","799","I","Imputed value"
"FBS","Food Balances (2010-)","756","Switzerland","5154","Other uses (non-food)","S2848","Milk - Excluding Butter","2018","2018","1000 tonnes","0","I","Imputed value"
"FBS","Food Balances (2010-)","756","Switzerland","5170","Residuals","S2848","Milk - Excluding Butter","2018","2018","1000 tonnes","0","I","Imputed value"
"FBS","Food Balances (2010-)","756","Switzerland","5142","Food","S2848","Milk - Excluding Butter","2018","2018","1000 tonnes","2457","I","Imputed value"
"FBS","Food Balances (2010-)","756","Switzerland","5511","Production","S2761","Freshwater Fish","2018","2018","1000 tonnes","3.39","I","Imputed value"
"FBS","Food Balances (2010-)","756","Switzerland","5611","Import Quantity","S2761","Freshwater Fish","2018","2018","1000 tonnes","47.41","I","Imputed value"
"FBS","Food Balances (2010-)","756","Switzerland","5911","Export Quantity","S2761","Freshwater Fish","2018","2018","1000 tonnes","0.17","I","Imputed value"
"FBS","Food Balances (2010-)","756","Switzerland","5154","Other uses (non-food)","S2761","Freshwater Fish","2018","2018","1000 tonnes","0.02","I","Imputed value"
"FBS","Food Balances (2010-)","756","Switzerland","5142","Food","S2761","Freshwater Fish","2018","2018","1000 tonnes","50.61","I","Imputed value"
"FBS","Food Balances (2010-)","756","Switzerland","5611","Import Quantity","S2762","Demersal Fish","2018","2018","1000 tonnes","21.39","I","Imputed value"
"FBS","Food Balances (2010-)","756","Switzerland","5072","Stock Variation","S2762","Demersal Fish","2018","2018","1000 tonnes","0","I","Imputed value"
"FBS","Food Balances (2010-)","756","Switzerland","5911","Export Quantity","S2762","Demersal Fish","2018","2018","1000 tonnes","0.07","I","Imputed value"
"FBS","Food Balances (2010-)","756","Switzerland","5521","Feed","S2762","Demersal Fish","2018","2018","1000 tonnes","0","I","Imputed value"
"FBS","Food Balances (2010-)","756","Switzerland","5154","Other uses (non-food)","S2762","Demersal Fish","2018","2018","1000 tonnes","0","I","Imputed value"
"FBS","Food Balances (2010-)","756","Switzerland","5142","Food","S2762","Demersal Fish","2018","2018","1000 tonnes","21.31","I","Imputed value"
"FBS","Food Balances (2010-)","756","Switzerland","5611","Import Quantity","S2763","Pelagic Fish","2018","2018","1000 tonnes","26.6","I","Imputed value"
"FBS","Food Balances (2010-)","756","Switzerland","5072","Stock Variation","S2763","Pelagic Fish","2018","2018","1000 tonnes","0","I","Imputed value"
"FBS","Food Balances (2010-)","756","Switzerland","5911","Export Quantity","S2763","Pelagic Fish","2018","2018","1000 tonnes","0.04","I","Imputed value"
"FBS","Food Balances (2010-)","756","Switzerland","5521","Feed","S2763","Pelagic Fish","2018","2018","1000 tonnes","3.58","I","Imputed value"
"FBS","Food Balances (2010-)","756","Switzerland","5154","Other uses (non-food)","S2763","Pelagic Fish","2018","2018","1000 tonnes","0","I","Imputed value"
"FBS","Food Balances (2010-)","756","Switzerland","5142","Food","S2763","Pelagic Fish","2018","2018","1000 tonnes","22.99","I","Imputed value"
"FBS","Food Balances (2010-)","756","Switzerland","5611","Import Quantity","S2764","Marine Fish, Other","2018","2018","1000 tonnes","13.72","I","Imputed value"
"FBS","Food Balances (2010-)","756","Switzerland","5911","Export Quantity","S2764","Marine Fish, Other","2018","2018","1000 tonnes","0.06","I","Imputed value"
"FBS","Food Balances (2010-)","756","Switzerland","5154","Other uses (non-food)","S2764","Marine Fish, Other","2018","2018","1000 tonnes","0.01","I","Imputed value"
"FBS","Food Balances (2010-)","756","Switzerland","5142","Food","S2764","Marine Fish, Other","2018","2018","1000 tonnes","13.65","I","Imputed value"
"FBS","Food Balances (2010-)","756","Switzerland","5511","Production","S2765","Crustaceans","2018","2018","1000 tonnes","0.01","I","Imputed value"
"FBS","Food Balances (2010-)","756","Switzerland","5611","Import Quantity","S2765","Crustaceans","2018","2018","1000 tonnes","21.36","I","Imputed value"
"FBS","Food Balances (2010-)","756","Switzerland","5911","Export Quantity","S2765","Crustaceans","2018","2018","1000 tonnes","0.18","I","Imputed value"
"FBS","Food Balances (2010-)","756","Switzerland","5154","Other uses (non-food)","S2765","Crustaceans","2018","2018","1000 tonnes","0","I","Imputed value"
"FBS","Food Balances (2010-)","756","Switzerland","5142","Food","S2765","Crustaceans","2018","2018","1000 tonnes","21.18","I","Imputed value"
"FBS","Food Balances (2010-)","756","Switzerland","5611","Import Quantity","S2766","Cephalopods","2018","2018","1000 tonnes","3.87","I","Imputed value"
"FBS","Food Balances (2010-)","756","Switzerland","5911","Export Quantity","S2766","Cephalopods","2018","2018","1000 tonnes","0.01","I","Imputed value"
"FBS","Food Balances (2010-)","756","Switzerland","5154","Other uses (non-food)","S2766","Cephalopods","2018","2018","1000 tonnes","0","I","Imputed value"
"FBS","Food Balances (2010-)","756","Switzerland","5142","Food","S2766","Cephalopods","2018","2018","1000 tonnes","3.86","I","Imputed value"
"FBS","Food Balances (2010-)","756","Switzerland","5611","Import Quantity","S2767","Molluscs, Other","2018","2018","1000 tonnes","9.23","I","Imputed value"
"FBS","Food Balances (2010-)","756","Switzerland","5911","Export Quantity","S2767","Molluscs, Other","2018","2018","1000 tonnes","0.07","I","Imputed value"
"FBS","Food Balances (2010-)","756","Switzerland","5154","Other uses (non-food)","S2767","Molluscs, Other","2018","2018","1000 tonnes","0","I","Imputed value"
"FBS","Food Balances (2010-)","756","Switzerland","5142","Food","S2767","Molluscs, Other","2018","2018","1000 tonnes","9.17","I","Imputed value"
"FBS","Food Balances (2010-)","756","Switzerland","5611","Import Quantity","S2769","Aquatic Animals, Others","2018","2018","1000 tonnes","0.41","I","Imputed value"
"FBS","Food Balances (2010-)","756","Switzerland","5911","Export Quantity","S2769","Aquatic Animals, Others","2018","2018","1000 tonnes","0","I","Imputed value"
"FBS","Food Balances (2010-)","756","Switzerland","5154","Other uses (non-food)","S2769","Aquatic Animals, Others","2018","2018","1000 tonnes","0","I","Imputed value"
"FBS","Food Balances (2010-)","756","Switzerland","5142","Food","S2769","Aquatic Animals, Others","2018","2018","1000 tonnes","0.41","I","Imputed value"
"FBS","Food Balances (2010-)","756","Switzerland","5611","Import Quantity","S2775","Aquatic Plants","2018","2018","1000 tonnes","0.1","I","Imputed value"
"FBS","Food Balances (2010-)","756","Switzerland","5911","Export Quantity","S2775","Aquatic Plants","2018","2018","1000 tonnes","0.03","I","Imputed value"
"FBS","Food Balances (2010-)","756","Switzerland","5154","Other uses (non-food)","S2775","Aquatic Plants","2018","2018","1000 tonnes","0.07","I","Imputed value"
"FBS","Food Balances (2010-)","756","Switzerland","5142","Food","S2775","Aquatic Plants","2018","2018","1000 tonnes","0","I","Imputed value"
"FBS","Food Balances (2010-)","756","Switzerland","5611","Import Quantity","S2680","Infant food","2018","2018","1000 tonnes","3","I","Imputed value"
"FBS","Food Balances (2010-)","756","Switzerland","5072","Stock Variation","S2680","Infant food","2018","2018","1000 tonnes","0","I","Imputed value"
"FBS","Food Balances (2010-)","756","Switzerland","5911","Export Quantity","S2680","Infant food","2018","2018","1000 tonnes","56","I","Imputed value"
"FBS","Food Balances (2010-)","756","Switzerland","5170","Residuals","S2680","Infant food","2018","2018","1000 tonnes","-53","I","Imputed value"
"FBS","Food Balances (2010-)","756","Switzerland","5142","Food","S2680","Infant food","2018","2018","1000 tonnes","0","I","Imputed value"
"FBS","Food Balances (2010-)","756","Switzerland","5611","Import Quantity","S2899","Miscellaneous","2018","2018","1000 tonnes","131","I","Imputed value"
"FBS","Food Balances (2010-)","756","Switzerland","5072","Stock Variation","S2899","Miscellaneous","2018","2018","1000 tonnes","16","I","Imputed value"
"FBS","Food Balances (2010-)","756","Switzerland","5911","Export Quantity","S2899","Miscellaneous","2018","2018","1000 tonnes","115","I","Imputed value"
"FBS","Food Balances (2010-)","756","Switzerland","5170","Residuals","S2899","Miscellaneous","2018","2018","1000 tonnes","0","I","Imputed value"
